snapshot_id,recorded_at,scheduled_start,timing_precision,date,fight_key,pick,opp,price,market,model,edge,se,net_edge,bet,stake,meta,model_version,manifest_hash,odds_source,odds_fetched_at
c4f16a13b517b4c9957c,2026-07-20T01:58:34Z,2026-07-25T09:00:00Z,exact,2026-07-25,03ace08105f899eac449,Axel Sola,Ismael Bonfim,-182,62.2,64.6,0.1,1.2,-1.1,False,0,nan · 2026-07-25,production-v3,b247a7ad2e17d0d4a068a1744c51397d57f3da8893ea7303999c26db21f964dc,the-odds-api-median,2026-07-20T01:58:08Z
ab26cbabe4c68945d8bf,2026-07-20T01:58:34Z,2026-07-25T09:00:00Z,exact,2026-07-25,59ab6478c11a99d26d71,Magomed Ankalaev,Bogdan Guskov,-535,80.8,84.2,-0.0,0.7,-0.7,False,0,nan · 2026-07-25,production-v3,b247a7ad2e17d0d4a068a1744c51397d57f3da8893ea7303999c26db21f964dc,the-odds-api-median,2026-07-20T01:58:08Z
8da1f921c47fb7703b05,2026-07-20T01:58:34Z,2026-07-25T09:00:00Z,exact,2026-07-25,26988f03a92b803546d0,Damian Rzepecki,Magomed Zaynukov,+285,24.9,26.2,0.2,0.9,-0.7,False,0,nan · 2026-07-25,production-v3,b247a7ad2e17d0d4a068a1744c51397d57f3da8893ea7303999c26db21f964dc,the-odds-api-median,2026-07-20T01:58:08Z
d0d5e49d649f6c8f29cd,2026-07-20T01:58:34Z,2026-07-25T09:00:00Z,exact,2026-07-25,f55432d479509357f7f0,Wellington Turman,Islam Dulatov,+510,15.7,16.4,-0.0,0.9,-0.9,False,0,nan · 2026-07-25,production-v3,b247a7ad2e17d0d4a068a1744c51397d57f3da8893ea7303999c26db21f964dc,the-odds-api-median,2026-07-20T01:58:08Z
6c4be96288759f5af427,2026-07-20T01:58:34Z,2026-07-25T09:00:00Z,exact,2026-07-25,5667986813f04ea399b2,Nurullo Aliev,Mike Davis,-170,60.4,61.3,-1.7,0.5,-2.2,False,0,nan · 2026-07-25,production-v3,b247a7ad2e17d0d4a068a1744c51397d57f3da8893ea7303999c26db21f964dc,the-odds-api-median,2026-07-20T01:58:08Z
a2b457319006bf854f44,2026-07-20T01:58:34Z,2026-07-25T09:00:00Z,exact,2026-07-25,d3ddd63e92e3c84d73c4,Stephen Erceg,Ramazonbek Temirov,-115,51.1,51.2,-2.3,0.0,-2.3,False,0,nan · 2026-07-25,production-v3,b247a7ad2e17d0d4a068a1744c51397d57f3da8893ea7303999c26db21f964dc,the-odds-api-median,2026-07-20T01:58:08Z
3abc65b995c1cfc80cfa,2026-07-20T01:58:34Z,2026-07-25T09:00:00Z,exact,2026-07-25,9b8447ebdc92d4a5a7ff,Rizvan Kuniev,Tyrell Fortune,-260,69.5,73.1,0.9,1.2,-0.3,False,0,nan · 2026-07-25,production-v3,b247a7ad2e17d0d4a068a1744c51397d57f3da8893ea7303999c26db21f964dc,the-odds-api-median,2026-07-20T01:58:08Z
1aa5f5473433428163fe,2026-07-20T01:58:34Z,2026-07-25T09:00:00Z,exact,2026-07-25,0ac72b6c4edc9122fe80,Sam Patterson,Santiago Ponzinibbio,-410,76.9,82.1,1.7,0.9,0.7,False,0,nan · 2026-07-25,production-v3,b247a7ad2e17d0d4a068a1744c51397d57f3da8893ea7303999c26db21f964dc,the-odds-api-median,2026-07-20T01:58:08Z
b3a9b67ca38713226460,2026-07-20T01:58:34Z,2026-07-25T09:00:00Z,exact,2026-07-25,dde391969189b9f112fc,Valter Walker,Thomas Petersen,-195,63.2,64.7,-1.4,1.1,-2.5,False,0,nan · 2026-07-25,production-v3,b247a7ad2e17d0d4a068a1744c51397d57f3da8893ea7303999c26db21f964dc,the-odds-api-median,2026-07-20T01:58:08Z
83e8477ba8b0926e1f0d,2026-07-20T01:58:34Z,2026-07-25T13:35:00Z,exact,2026-07-25,aae064a446194188f191,Abdul Hussein,Cody Gibson,-400,76.6,82.1,2.1,0.6,1.5,False,0,nan · 2026-07-25,production-v3,b247a7ad2e17d0d4a068a1744c51397d57f3da8893ea7303999c26db21f964dc,the-odds-api-median,2026-07-20T01:58:08Z
76f6ba831ee89027017f,2026-07-20T01:58:34Z,2026-07-25T13:45:00Z,exact,2026-07-25,714691264bd83efcbd5d,Magomed Tuchalov,Brendson Ribeiro,-700,84.0,86.8,-0.7,0.5,-1.3,False,0,nan · 2026-07-25,production-v3,b247a7ad2e17d0d4a068a1744c51397d57f3da8893ea7303999c26db21f964dc,the-odds-api-median,2026-07-20T01:58:08Z
499e634d44232831a0bd,2026-07-20T01:58:34Z,2026-08-16T03:00:00Z,exact,2026-08-16,36b49f35bb7c9045c472,Gillian Robertson,Mackenzie Dern,+188,33.4,34.7,-0.0,0.8,-0.8,False,0,nan · 2026-08-16,production-v3,b247a7ad2e17d0d4a068a1744c51397d57f3da8893ea7303999c26db21f964dc,the-odds-api-median,2026-07-20T01:58:08Z
a8c53b261fcbb5142221,2026-07-20T01:58:34Z,2026-08-16T04:00:00Z,exact,2026-08-16,4720473101d0c3d2cdc9,Islam Makhachev,Ian Garry,-345,74.7,76.5,-1.0,2.4,-3.4,False,0,nan · 2026-08-16,production-v3,b247a7ad2e17d0d4a068a1744c51397d57f3da8893ea7303999c26db21f964dc,the-odds-api-median,2026-07-20T01:58:08Z
b29d2c37d66b31668a78,2026-07-20T01:58:34Z,2026-08-29T20:00:00Z,exact,2026-08-29,55de6f3dfe2a711616ef,Umar Nurmagomedov,Song Yadong,-400,76.6,78.8,-1.2,0.9,-2.1,False,0,nan · 2026-08-29,production-v3,b247a7ad2e17d0d4a068a1744c51397d57f3da8893ea7303999c26db21f964dc,the-odds-api-median,2026-07-20T01:58:08Z
f743f9551a398e14b036,2026-07-20T01:58:34Z,2026-12-27T03:00:00Z,exact,2026-12-27,9e2c6704d17fb0ec04b0,Manel Kape,Joshua Van,-190,63.5,67.4,1.9,1.7,0.2,False,0,nan · 2026-12-27,production-v3,b247a7ad2e17d0d4a068a1744c51397d57f3da8893ea7303999c26db21f964dc,the-odds-api-median,2026-07-20T01:58:08Z
a49cef60de46a970846c,2026-07-20T01:58:34Z,2026-12-31T05:00:00Z,exact,2026-12-31,f6e63a20021dfebba94e,Josh Hokit,Alex Pereira,-160,59.6,62.2,0.6,1.5,-0.9,False,0,nan · 2026-12-31,production-v3,b247a7ad2e17d0d4a068a1744c51397d57f3da8893ea7303999c26db21f964dc,the-odds-api-median,2026-07-20T01:58:08Z
656a6e1cfce36d7d80ee,2026-07-20T01:58:34Z,2026-12-31T05:00:00Z,exact,2026-12-31,35139786b8f457524a14,Arman Tsarukyan,Justin Gaethje,-500,80.2,86.4,3.1,0.8,2.2,False,0,nan · 2026-12-31,production-v3,b247a7ad2e17d0d4a068a1744c51397d57f3da8893ea7303999c26db21f964dc,the-odds-api-median,2026-07-20T01:58:08Z
875ef7683fdf6dec44c3,2026-07-20T01:58:34Z,2026-12-31T05:00:00Z,exact,2026-12-31,03429498ebcd747ee943,Ciryl Gane,Josh Hokit,-250,68.9,73.4,2.0,1.6,0.3,False,0,nan · 2026-12-31,production-v3,b247a7ad2e17d0d4a068a1744c51397d57f3da8893ea7303999c26db21f964dc,the-odds-api-median,2026-07-20T01:58:08Z
c2cc4cf68c8ad0b8a51d,2026-07-20T01:58:34Z,2026-12-31T05:00:00Z,exact,2026-12-31,78ea598f388bc190bbc8,Ilia Topuria,Justin Gaethje,-250,68.9,73.2,1.7,0.8,0.9,False,0,nan · 2026-12-31,production-v3,b247a7ad2e17d0d4a068a1744c51397d57f3da8893ea7303999c26db21f964dc,the-odds-api-median,2026-07-20T01:58:08Z
117db9018deab724d8e4,2026-07-20T01:58:34Z,2026-12-31T15:00:00Z,exact,2026-12-31,92d6799b85b83b50a9c3,Valentina Shevchenko,Natalia Silva,-250,68.9,70.1,-1.4,1.3,-2.7,False,0,nan · 2026-12-31,production-v3,b247a7ad2e17d0d4a068a1744c51397d57f3da8893ea7303999c26db21f964dc,the-odds-api-median,2026-07-20T01:58:08Z
ae9d82949b18386dde3c,2026-07-20T01:58:34Z,2026-12-31T17:00:00Z,exact,2026-12-31,7192d4da9bdc5bff4156,Jorge Masvidal,Conor McGregor,+125,42.9,43.8,-0.6,1.2,-1.8,False,0,nan · 2026-12-31,production-v3,b247a7ad2e17d0d4a068a1744c51397d57f3da8893ea7303999c26db21f964dc,the-odds-api-median,2026-07-20T01:58:08Z
3a22d84d1ecbbc01102a,2026-07-20T01:58:34Z,2027-01-01T03:00:00Z,exact,2027-01-01,4438220a6f61c19a2ade,Joshua Van,Alexandre Pantoja,+155,37.9,38.1,-1.1,1.5,-2.6,False,0,nan · 2027-01-01,production-v3,b247a7ad2e17d0d4a068a1744c51397d57f3da8893ea7303999c26db21f964dc,the-odds-api-median,2026-07-20T01:58:08Z
2c4a7ad883909af7a065,2026-07-20T01:58:34Z,2027-01-01T03:00:00Z,exact,2027-01-01,97b6fc13abb93d6347c8,Ciryl Gane,Tom Aspinall,+105,46.8,50.6,1.8,1.5,0.3,False,0,nan · 2027-01-01,production-v3,b247a7ad2e17d0d4a068a1744c51397d57f3da8893ea7303999c26db21f964dc,the-odds-api-median,2026-07-20T01:58:08Z
5cbc803bdad92b976d37,2026-07-20T01:58:34Z,2027-01-01T03:00:00Z,exact,2027-01-01,dd8444c2108afb29ddc8,Khamzat Chimaev,Paulo Henrique Costa,-500,79.8,81.7,-1.6,1.1,-2.7,False,0,nan · 2027-01-01,production-v3,b247a7ad2e17d0d4a068a1744c51397d57f3da8893ea7303999c26db21f964dc,the-odds-api-median,2026-07-20T01:58:08Z
e4d8148b237579842b9b,2026-07-20T01:58:34Z,2027-01-01T03:00:00Z,exact,2027-01-01,dc51d3a3057f24f206bc,Khamzat Chimaev,Sean Strickland,-205,64.9,69.7,2.5,1.1,1.4,False,0,nan · 2027-01-01,production-v3,b247a7ad2e17d0d4a068a1744c51397d57f3da8893ea7303999c26db21f964dc,the-odds-api-median,2026-07-20T01:58:08Z
6f26087925ea16f61904,2026-07-20T01:58:34Z,2027-01-01T03:00:00Z,exact,2027-01-01,6ee32085037ad0049911,Paddy Pimblett,Max Holloway,+155,37.9,37.6,-1.6,1.4,-2.9,False,0,nan · 2027-01-01,production-v3,b247a7ad2e17d0d4a068a1744c51397d57f3da8893ea7303999c26db21f964dc,the-odds-api-median,2026-07-20T01:58:08Z
0a2615fe9c3052bc3d4e,2026-07-20T01:58:34Z,2027-01-01T03:00:00Z,exact,2027-01-01,39a4870992606b952cde,Merab Dvalishvili,Petr Yan,+150,38.6,39.0,-1.0,0.7,-1.7,False,0,nan · 2027-01-01,production-v3,b247a7ad2e17d0d4a068a1744c51397d57f3da8893ea7303999c26db21f964dc,the-odds-api-median,2026-07-20T01:58:08Z
1bdbc7164cd9b2231b14,2026-07-20T01:58:34Z,2027-01-01T03:00:00Z,exact,2027-01-01,b33a78f3e9278db9a7e3,Nassourdine Imavov,Sean Strickland,-114,50.9,51.4,-1.9,1.3,-3.2,False,0,nan · 2027-01-01,production-v3,b247a7ad2e17d0d4a068a1744c51397d57f3da8893ea7303999c26db21f964dc,the-odds-api-median,2026-07-20T01:58:08Z
2719b2062ae0993c681f,2026-07-20T01:58:34Z,2027-07-02T02:00:00Z,exact,2027-07-02,7dad58aed4e61a93155d,Islam Makhachev,Kamaru Usman,-330,74.0,76.5,-0.2,1.1,-1.3,False,0,nan · 2027-07-02,production-v3,b247a7ad2e17d0d4a068a1744c51397d57f3da8893ea7303999c26db21f964dc,the-odds-api-median,2026-07-20T01:58:08Z
b792cec72ea2f8ad4422,2026-07-20T01:58:34Z,2027-07-11T00:00:00Z,exact,2027-07-11,860bcc67850a652c8f63,Paddy Pimblett,Conor McGregor,-150,58.0,60.4,0.4,1.2,-0.8,False,0,nan · 2027-07-11,production-v3,b247a7ad2e17d0d4a068a1744c51397d57f3da8893ea7303999c26db21f964dc,the-odds-api-median,2026-07-20T01:58:08Z
c66af29248c62e24ce47,2026-07-20T15:57:28Z,2026-07-25T09:00:00Z,exact,2026-07-25,03ace08105f899eac449,Axel Sola,Ismael Bonfim,-185,62.8,65.2,0.3,1.2,-0.9,False,0,nan · 2026-07-25,production-v3,927e8a9126f7c03529e5da1f0c8c49dc406c046acd664e5b7f088db4b7847e07,the-odds-api-median,2026-07-20T15:56:50Z
c0b33355ed83754a4eaf,2026-07-20T15:57:28Z,2026-07-25T09:00:00Z,exact,2026-07-25,59ab6478c11a99d26d71,Magomed Ankalaev,Bogdan Guskov,-550,80.9,84.3,-0.3,0.7,-1.0,False,0,nan · 2026-07-25,production-v3,927e8a9126f7c03529e5da1f0c8c49dc406c046acd664e5b7f088db4b7847e07,the-odds-api-median,2026-07-20T15:56:50Z
f6581b80ff2678ac7634,2026-07-20T15:57:28Z,2026-07-25T09:00:00Z,exact,2026-07-25,26988f03a92b803546d0,Damian Rzepecki,Magomed Zaynukov,+295,24.3,25.5,0.2,0.9,-0.7,False,0,nan · 2026-07-25,production-v3,927e8a9126f7c03529e5da1f0c8c49dc406c046acd664e5b7f088db4b7847e07,the-odds-api-median,2026-07-20T15:56:50Z
0f897e97f27277725c72,2026-07-20T15:57:28Z,2026-07-25T09:00:00Z,exact,2026-07-25,f55432d479509357f7f0,Wellington Turman,Islam Dulatov,+550,14.7,15.3,-0.1,0.8,-0.9,False,0,nan · 2026-07-25,production-v3,927e8a9126f7c03529e5da1f0c8c49dc406c046acd664e5b7f088db4b7847e07,the-odds-api-median,2026-07-20T15:56:50Z
12cf5c4f72b0f9eb8864,2026-07-20T15:57:28Z,2026-07-25T09:00:00Z,exact,2026-07-25,5667986813f04ea399b2,Nurullo Aliev,Mike Davis,-185,62.2,63.3,-1.6,0.5,-2.1,False,0,nan · 2026-07-25,production-v3,927e8a9126f7c03529e5da1f0c8c49dc406c046acd664e5b7f088db4b7847e07,the-odds-api-median,2026-07-20T15:56:50Z
e920592f9db32d002142,2026-07-20T15:57:28Z,2026-07-25T09:00:00Z,exact,2026-07-25,d3ddd63e92e3c84d73c4,Stephen Erceg,Ramazonbek Temirov,-118,51.4,51.5,-2.6,0.0,-2.7,False,0,nan · 2026-07-25,production-v3,927e8a9126f7c03529e5da1f0c8c49dc406c046acd664e5b7f088db4b7847e07,the-odds-api-median,2026-07-20T15:56:50Z
f9535a040ba80cdf24da,2026-07-20T15:57:28Z,2026-07-25T09:00:00Z,exact,2026-07-25,9b8447ebdc92d4a5a7ff,Rizvan Kuniev,Tyrell Fortune,-270,70.0,73.7,0.7,1.2,-0.5,False,0,nan · 2026-07-25,production-v3,927e8a9126f7c03529e5da1f0c8c49dc406c046acd664e5b7f088db4b7847e07,the-odds-api-median,2026-07-20T15:56:50Z
3573f87fc3e6be8a0397,2026-07-20T15:57:28Z,2026-07-25T09:00:00Z,exact,2026-07-25,0ac72b6c4edc9122fe80,Sam Patterson,Santiago Ponzinibbio,-400,76.6,81.8,1.8,1.0,0.8,False,0,nan · 2026-07-25,production-v3,927e8a9126f7c03529e5da1f0c8c49dc406c046acd664e5b7f088db4b7847e07,the-odds-api-median,2026-07-20T15:56:50Z
8aa62ca0cb7ef6ea0903,2026-07-20T15:57:28Z,2026-07-25T09:00:00Z,exact,2026-07-25,dde391969189b9f112fc,Valter Walker,Thomas Petersen,-190,63.0,64.5,-1.0,1.1,-2.2,False,0,nan · 2026-07-25,production-v3,927e8a9126f7c03529e5da1f0c8c49dc406c046acd664e5b7f088db4b7847e07,the-odds-api-median,2026-07-20T15:56:50Z
7a5db2807ad8068e5050,2026-07-20T15:57:28Z,2026-07-25T13:35:00Z,exact,2026-07-25,aae064a446194188f191,Abdul Hussein,Cody Gibson,-400,76.6,82.1,2.1,0.6,1.5,False,0,nan · 2026-07-25,production-v3,927e8a9126f7c03529e5da1f0c8c49dc406c046acd664e5b7f088db4b7847e07,the-odds-api-median,2026-07-20T15:56:50Z
57f66cd2a772a19b1efb,2026-07-20T15:57:28Z,2026-07-25T13:45:00Z,exact,2026-07-25,714691264bd83efcbd5d,Magomed Tuchalov,Brendson Ribeiro,-700,84.0,86.8,-0.7,0.5,-1.3,False,0,nan · 2026-07-25,production-v3,927e8a9126f7c03529e5da1f0c8c49dc406c046acd664e5b7f088db4b7847e07,the-odds-api-median,2026-07-20T15:56:50Z
098fe0dbbba82149154d,2026-07-20T15:57:28Z,2026-08-16T03:00:00Z,exact,2026-08-16,36b49f35bb7c9045c472,Gillian Robertson,Mackenzie Dern,+188,33.4,34.7,-0.0,0.8,-0.8,False,0,nan · 2026-08-16,production-v3,927e8a9126f7c03529e5da1f0c8c49dc406c046acd664e5b7f088db4b7847e07,the-odds-api-median,2026-07-20T15:56:50Z
216fe2fc659288bc0fa4,2026-07-20T15:57:28Z,2026-08-16T04:00:00Z,exact,2026-08-16,4720473101d0c3d2cdc9,Islam Makhachev,Ian Garry,-345,74.7,76.5,-1.0,2.4,-3.4,False,0,nan · 2026-08-16,production-v3,927e8a9126f7c03529e5da1f0c8c49dc406c046acd664e5b7f088db4b7847e07,the-odds-api-median,2026-07-20T15:56:50Z
97421ebd18665a2d2366,2026-07-20T15:57:28Z,2026-08-29T20:00:00Z,exact,2026-08-29,55de6f3dfe2a711616ef,Umar Nurmagomedov,Song Yadong,-400,76.6,78.8,-1.2,0.9,-2.1,False,0,nan · 2026-08-29,production-v3,927e8a9126f7c03529e5da1f0c8c49dc406c046acd664e5b7f088db4b7847e07,the-odds-api-median,2026-07-20T15:56:50Z
415685e6139d470de90b,2026-07-20T15:57:28Z,2026-12-27T03:00:00Z,exact,2026-12-27,9e2c6704d17fb0ec04b0,Manel Kape,Joshua Van,-190,63.5,67.4,1.9,1.7,0.2,False,0,nan · 2026-12-27,production-v3,927e8a9126f7c03529e5da1f0c8c49dc406c046acd664e5b7f088db4b7847e07,the-odds-api-median,2026-07-20T15:56:50Z
12e75a87957744797852,2026-07-20T15:57:28Z,2026-12-31T05:00:00Z,exact,2026-12-31,f6e63a20021dfebba94e,Josh Hokit,Alex Pereira,-160,59.6,62.2,0.6,1.5,-0.9,False,0,nan · 2026-12-31,production-v3,927e8a9126f7c03529e5da1f0c8c49dc406c046acd664e5b7f088db4b7847e07,the-odds-api-median,2026-07-20T15:56:50Z
b7680e030307f70e0018,2026-07-20T15:57:28Z,2026-12-31T05:00:00Z,exact,2026-12-31,35139786b8f457524a14,Arman Tsarukyan,Justin Gaethje,-500,80.2,86.4,3.1,0.8,2.2,False,0,nan · 2026-12-31,production-v3,927e8a9126f7c03529e5da1f0c8c49dc406c046acd664e5b7f088db4b7847e07,the-odds-api-median,2026-07-20T15:56:50Z
ad160cf8553615dab82a,2026-07-20T15:57:28Z,2026-12-31T05:00:00Z,exact,2026-12-31,03429498ebcd747ee943,Ciryl Gane,Josh Hokit,-250,68.9,73.4,2.0,1.6,0.3,False,0,nan · 2026-12-31,production-v3,927e8a9126f7c03529e5da1f0c8c49dc406c046acd664e5b7f088db4b7847e07,the-odds-api-median,2026-07-20T15:56:50Z
7d5a3fd886c52386a6b5,2026-07-20T15:57:28Z,2026-12-31T05:00:00Z,exact,2026-12-31,78ea598f388bc190bbc8,Ilia Topuria,Justin Gaethje,-250,68.9,73.2,1.7,0.8,0.9,False,0,nan · 2026-12-31,production-v3,927e8a9126f7c03529e5da1f0c8c49dc406c046acd664e5b7f088db4b7847e07,the-odds-api-median,2026-07-20T15:56:50Z
fe5bb412a7db3cc9407d,2026-07-20T15:57:28Z,2026-12-31T15:00:00Z,exact,2026-12-31,92d6799b85b83b50a9c3,Valentina Shevchenko,Natalia Silva,-250,68.9,70.1,-1.4,1.3,-2.7,False,0,nan · 2026-12-31,production-v3,927e8a9126f7c03529e5da1f0c8c49dc406c046acd664e5b7f088db4b7847e07,the-odds-api-median,2026-07-20T15:56:50Z
a7200c70b82ca6bb3219,2026-07-20T15:57:28Z,2026-12-31T17:00:00Z,exact,2026-12-31,7192d4da9bdc5bff4156,Jorge Masvidal,Conor McGregor,+125,42.9,43.8,-0.6,1.2,-1.8,False,0,nan · 2026-12-31,production-v3,927e8a9126f7c03529e5da1f0c8c49dc406c046acd664e5b7f088db4b7847e07,the-odds-api-median,2026-07-20T15:56:50Z
8d61c54b5827c0836cc8,2026-07-20T15:57:28Z,2027-01-01T03:00:00Z,exact,2027-01-01,4438220a6f61c19a2ade,Joshua Van,Alexandre Pantoja,+155,37.9,38.1,-1.1,1.5,-2.6,False,0,nan · 2027-01-01,production-v3,927e8a9126f7c03529e5da1f0c8c49dc406c046acd664e5b7f088db4b7847e07,the-odds-api-median,2026-07-20T15:56:50Z
a238b655708b79bd9756,2026-07-20T15:57:28Z,2027-01-01T03:00:00Z,exact,2027-01-01,97b6fc13abb93d6347c8,Ciryl Gane,Tom Aspinall,+105,46.8,50.6,1.8,1.5,0.3,False,0,nan · 2027-01-01,production-v3,927e8a9126f7c03529e5da1f0c8c49dc406c046acd664e5b7f088db4b7847e07,the-odds-api-median,2026-07-20T15:56:50Z
709c870d048cc85b9cc2,2026-07-20T15:57:28Z,2027-01-01T03:00:00Z,exact,2027-01-01,dd8444c2108afb29ddc8,Khamzat Chimaev,Paulo Henrique Costa,-500,79.8,81.7,-1.6,1.1,-2.7,False,0,nan · 2027-01-01,production-v3,927e8a9126f7c03529e5da1f0c8c49dc406c046acd664e5b7f088db4b7847e07,the-odds-api-median,2026-07-20T15:56:50Z
b921f1662940d88d1dee,2026-07-20T15:57:28Z,2027-01-01T03:00:00Z,exact,2027-01-01,dc51d3a3057f24f206bc,Khamzat Chimaev,Sean Strickland,-205,64.9,69.7,2.5,1.1,1.4,False,0,nan · 2027-01-01,production-v3,927e8a9126f7c03529e5da1f0c8c49dc406c046acd664e5b7f088db4b7847e07,the-odds-api-median,2026-07-20T15:56:50Z
5d9de2e415308e69da61,2026-07-20T15:57:28Z,2027-01-01T03:00:00Z,exact,2027-01-01,6ee32085037ad0049911,Paddy Pimblett,Max Holloway,+155,37.9,37.6,-1.6,1.4,-2.9,False,0,nan · 2027-01-01,production-v3,927e8a9126f7c03529e5da1f0c8c49dc406c046acd664e5b7f088db4b7847e07,the-odds-api-median,2026-07-20T15:56:50Z
c910b3dea33e9c43f009,2026-07-20T15:57:28Z,2027-01-01T03:00:00Z,exact,2027-01-01,39a4870992606b952cde,Merab Dvalishvili,Petr Yan,+150,38.6,39.0,-1.0,0.7,-1.7,False,0,nan · 2027-01-01,production-v3,927e8a9126f7c03529e5da1f0c8c49dc406c046acd664e5b7f088db4b7847e07,the-odds-api-median,2026-07-20T15:56:50Z
33a46ab809ddd8e576a9,2026-07-20T15:57:28Z,2027-01-01T03:00:00Z,exact,2027-01-01,b33a78f3e9278db9a7e3,Nassourdine Imavov,Sean Strickland,-114,50.9,51.4,-1.9,1.3,-3.2,False,0,nan · 2027-01-01,production-v3,927e8a9126f7c03529e5da1f0c8c49dc406c046acd664e5b7f088db4b7847e07,the-odds-api-median,2026-07-20T15:56:50Z
ca1f0d1c9053a627ec17,2026-07-20T15:57:28Z,2027-07-02T02:00:00Z,exact,2027-07-02,7dad58aed4e61a93155d,Islam Makhachev,Kamaru Usman,-330,74.0,76.5,-0.2,1.1,-1.3,False,0,nan · 2027-07-02,production-v3,927e8a9126f7c03529e5da1f0c8c49dc406c046acd664e5b7f088db4b7847e07,the-odds-api-median,2026-07-20T15:56:50Z
6e7ca31f8d25c215559e,2026-07-20T15:57:28Z,2027-07-11T00:00:00Z,exact,2027-07-11,860bcc67850a652c8f63,Paddy Pimblett,Conor McGregor,-150,58.0,60.4,0.4,1.2,-0.8,False,0,nan · 2027-07-11,production-v3,927e8a9126f7c03529e5da1f0c8c49dc406c046acd664e5b7f088db4b7847e07,the-odds-api-median,2026-07-20T15:56:50Z
e22db84d772813c643a2,2026-07-22T00:08:16Z,2026-07-25T09:00:00Z,exact,2026-07-25,03ace08105f899eac449,Axel Sola,Ismael Bonfim,-185,62.8,65.0,0.1,1.3,-1.2,False,0,nan | 2026-07-25,production-v3,5379537e716b636aa10d438ffa2b5d06e557272a7787fdb2641049341fb311f1,the-odds-api-median,2026-07-20T15:56:50Z
5adab73b465f8c5bb7b7,2026-07-22T00:08:16Z,2026-07-25T09:00:00Z,exact,2026-07-25,59ab6478c11a99d26d71,Magomed Ankalaev,Bogdan Guskov,-550,80.9,84.3,-0.3,0.6,-0.9,False,0,nan | 2026-07-25,production-v3,5379537e716b636aa10d438ffa2b5d06e557272a7787fdb2641049341fb311f1,the-odds-api-median,2026-07-20T15:56:50Z
c33f8eb2bd86853e594d,2026-07-22T00:08:16Z,2026-07-25T09:00:00Z,exact,2026-07-25,26988f03a92b803546d0,Damian Rzepecki,Magomed Zaynukov,+295,24.3,25.9,0.6,0.9,-0.3,False,0,nan | 2026-07-25,production-v3,5379537e716b636aa10d438ffa2b5d06e557272a7787fdb2641049341fb311f1,the-odds-api-median,2026-07-20T15:56:50Z
71ae0da531dc4c9bbcde,2026-07-22T00:08:16Z,2026-07-25T09:00:00Z,exact,2026-07-25,f55432d479509357f7f0,Wellington Turman,Islam Dulatov,+550,14.7,15.4,0.0,0.8,-0.7,False,0,nan | 2026-07-25,production-v3,5379537e716b636aa10d438ffa2b5d06e557272a7787fdb2641049341fb311f1,the-odds-api-median,2026-07-20T15:56:50Z
b7d845a6b89f5fe7a812,2026-07-22T00:08:16Z,2026-07-25T09:00:00Z,exact,2026-07-25,5667986813f04ea399b2,Nurullo Aliev,Mike Davis,-185,62.2,63.3,-1.6,0.5,-2.1,False,0,nan | 2026-07-25,production-v3,5379537e716b636aa10d438ffa2b5d06e557272a7787fdb2641049341fb311f1,the-odds-api-median,2026-07-20T15:56:50Z
8c2f585b1bf44be3ef1c,2026-07-22T00:08:16Z,2026-07-25T09:00:00Z,exact,2026-07-25,d3ddd63e92e3c84d73c4,Stephen Erceg,Ramazonbek Temirov,-118,51.4,51.5,-2.6,0.0,-2.7,False,0,nan | 2026-07-25,production-v3,5379537e716b636aa10d438ffa2b5d06e557272a7787fdb2641049341fb311f1,the-odds-api-median,2026-07-20T15:56:50Z
170aa4717640fdc10357,2026-07-22T00:08:16Z,2026-07-25T09:00:00Z,exact,2026-07-25,9b8447ebdc92d4a5a7ff,Tyrell Fortune,Rizvan Kuniev,+220,30.0,33.0,1.8,1.7,0.1,False,0,nan | 2026-07-25,production-v3,5379537e716b636aa10d438ffa2b5d06e557272a7787fdb2641049341fb311f1,the-odds-api-median,2026-07-20T15:56:50Z
b607421ddf43ccae614c,2026-07-22T00:08:16Z,2026-07-25T09:00:00Z,exact,2026-07-25,0ac72b6c4edc9122fe80,Sam Patterson,Santiago Ponzinibbio,-400,76.6,81.8,1.8,1.1,0.7,False,0,nan | 2026-07-25,production-v3,5379537e716b636aa10d438ffa2b5d06e557272a7787fdb2641049341fb311f1,the-odds-api-median,2026-07-20T15:56:50Z
ce75c3972df7df1d3b0b,2026-07-22T00:08:16Z,2026-07-25T09:00:00Z,exact,2026-07-25,dde391969189b9f112fc,Valter Walker,Thomas Petersen,-190,63.0,64.4,-1.1,1.3,-2.4,False,0,nan | 2026-07-25,production-v3,5379537e716b636aa10d438ffa2b5d06e557272a7787fdb2641049341fb311f1,the-odds-api-median,2026-07-20T15:56:50Z
101b6947491e889282b1,2026-07-22T00:08:16Z,2026-07-25T13:35:00Z,exact,2026-07-25,aae064a446194188f191,Abdul Hussein,Cody Gibson,-400,76.6,82.4,2.4,0.7,1.7,False,0,nan | 2026-07-25,production-v3,5379537e716b636aa10d438ffa2b5d06e557272a7787fdb2641049341fb311f1,the-odds-api-median,2026-07-20T15:56:50Z
831724e14cb8d112a85d,2026-07-22T00:08:16Z,2026-07-25T13:45:00Z,exact,2026-07-25,714691264bd83efcbd5d,Magomed Tuchalov,Brendson Ribeiro,-700,84.0,86.8,-0.7,0.4,-1.1,False,0,nan | 2026-07-25,production-v3,5379537e716b636aa10d438ffa2b5d06e557272a7787fdb2641049341fb311f1,the-odds-api-median,2026-07-20T15:56:50Z
d92225c8f7e9e22fdf84,2026-07-22T00:08:16Z,2026-08-16T03:00:00Z,exact,2026-08-16,36b49f35bb7c9045c472,Gillian Robertson,Mackenzie Dern,+188,33.4,34.9,0.2,0.9,-0.7,False,0,nan | 2026-08-16,production-v3,5379537e716b636aa10d438ffa2b5d06e557272a7787fdb2641049341fb311f1,the-odds-api-median,2026-07-20T15:56:50Z
ca6b03514d7c98ac7b22,2026-07-22T00:08:16Z,2026-08-16T04:00:00Z,exact,2026-08-16,4720473101d0c3d2cdc9,Islam Makhachev,Ian Garry,-345,74.7,76.8,-0.8,2.6,-3.4,False,0,nan | 2026-08-16,production-v3,5379537e716b636aa10d438ffa2b5d06e557272a7787fdb2641049341fb311f1,the-odds-api-median,2026-07-20T15:56:50Z
a16d515dbc32ea9a5258,2026-07-22T00:08:16Z,2026-08-29T20:00:00Z,exact,2026-08-29,55de6f3dfe2a711616ef,Umar Nurmagomedov,Song Yadong,-400,76.6,78.5,-1.5,0.7,-2.2,False,0,nan | 2026-08-29,production-v3,5379537e716b636aa10d438ffa2b5d06e557272a7787fdb2641049341fb311f1,the-odds-api-median,2026-07-20T15:56:50Z
acd44c0dfe5ebbeeceec,2026-07-22T00:08:16Z,2026-12-27T03:00:00Z,exact,2026-12-27,9e2c6704d17fb0ec04b0,Manel Kape,Joshua Van,-190,63.5,66.8,1.3,1.3,-0.0,False,0,nan | 2026-12-27,production-v3,5379537e716b636aa10d438ffa2b5d06e557272a7787fdb2641049341fb311f1,the-odds-api-median,2026-07-20T15:56:50Z
d1813f3f09b7343676c5,2026-07-22T00:08:16Z,2026-12-31T05:00:00Z,exact,2026-12-31,f6e63a20021dfebba94e,Josh Hokit,Alex Pereira,-160,59.6,62.6,1.1,1.7,-0.7,False,0,nan | 2026-12-31,production-v3,5379537e716b636aa10d438ffa2b5d06e557272a7787fdb2641049341fb311f1,the-odds-api-median,2026-07-20T15:56:50Z
66ea5860aadcc4798aab,2026-07-22T00:08:16Z,2026-12-31T05:00:00Z,exact,2026-12-31,35139786b8f457524a14,Arman Tsarukyan,Justin Gaethje,-500,80.2,86.5,3.1,0.8,2.3,False,0,nan | 2026-12-31,production-v3,5379537e716b636aa10d438ffa2b5d06e557272a7787fdb2641049341fb311f1,the-odds-api-median,2026-07-20T15:56:50Z
ff290a5ddecd192320af,2026-07-22T00:08:16Z,2026-12-31T05:00:00Z,exact,2026-12-31,03429498ebcd747ee943,Ciryl Gane,Josh Hokit,-250,68.9,72.9,1.5,1.5,-0.1,False,0,nan | 2026-12-31,production-v3,5379537e716b636aa10d438ffa2b5d06e557272a7787fdb2641049341fb311f1,the-odds-api-median,2026-07-20T15:56:50Z
b3039b40bb3039232f2c,2026-07-22T00:08:16Z,2026-12-31T05:00:00Z,exact,2026-12-31,78ea598f388bc190bbc8,Ilia Topuria,Justin Gaethje,-250,68.9,73.4,2.0,1.1,0.9,False,0,nan | 2026-12-31,production-v3,5379537e716b636aa10d438ffa2b5d06e557272a7787fdb2641049341fb311f1,the-odds-api-median,2026-07-20T15:56:50Z
dc1e207c0f3103ebb140,2026-07-22T00:08:16Z,2026-12-31T15:00:00Z,exact,2026-12-31,92d6799b85b83b50a9c3,Valentina Shevchenko,Natalia Silva,-250,68.9,69.6,-1.8,1.3,-3.0,False,0,nan | 2026-12-31,production-v3,5379537e716b636aa10d438ffa2b5d06e557272a7787fdb2641049341fb311f1,the-odds-api-median,2026-07-20T15:56:50Z
13e77f7e6050cf09ffb0,2026-07-22T00:08:16Z,2026-12-31T17:00:00Z,exact,2026-12-31,7192d4da9bdc5bff4156,Jorge Masvidal,Conor McGregor,+125,42.9,43.6,-0.9,1.0,-1.9,False,0,nan | 2026-12-31,production-v3,5379537e716b636aa10d438ffa2b5d06e557272a7787fdb2641049341fb311f1,the-odds-api-median,2026-07-20T15:56:50Z
31f7a523c7b5fec621ce,2026-07-22T00:08:16Z,2027-01-01T03:00:00Z,exact,2027-01-01,4438220a6f61c19a2ade,Joshua Van,Alexandre Pantoja,+155,37.9,38.7,-0.5,1.4,-1.9,False,0,nan | 2027-01-01,production-v3,5379537e716b636aa10d438ffa2b5d06e557272a7787fdb2641049341fb311f1,the-odds-api-median,2026-07-20T15:56:50Z
4e43a5d83b315379d5ea,2026-07-22T00:08:16Z,2027-01-01T03:00:00Z,exact,2027-01-01,97b6fc13abb93d6347c8,Ciryl Gane,Tom Aspinall,+105,46.8,50.3,1.5,1.3,0.2,False,0,nan | 2027-01-01,production-v3,5379537e716b636aa10d438ffa2b5d06e557272a7787fdb2641049341fb311f1,the-odds-api-median,2026-07-20T15:56:50Z
c78b67c04013b03c9418,2026-07-22T00:08:16Z,2027-01-01T03:00:00Z,exact,2027-01-01,dd8444c2108afb29ddc8,Khamzat Chimaev,Paulo Henrique Costa,-500,79.8,81.8,-1.5,1.2,-2.7,False,0,nan | 2027-01-01,production-v3,5379537e716b636aa10d438ffa2b5d06e557272a7787fdb2641049341fb311f1,the-odds-api-median,2026-07-20T15:56:50Z
4bdaaa956bbd7753ec15,2026-07-22T00:08:16Z,2027-01-01T03:00:00Z,exact,2027-01-01,dc51d3a3057f24f206bc,Khamzat Chimaev,Sean Strickland,-205,64.9,69.7,2.5,1.0,1.6,False,0,nan | 2027-01-01,production-v3,5379537e716b636aa10d438ffa2b5d06e557272a7787fdb2641049341fb311f1,the-odds-api-median,2026-07-20T15:56:50Z
5d3ca940aeb04abd3897,2026-07-22T00:08:16Z,2027-01-01T03:00:00Z,exact,2027-01-01,6ee32085037ad0049911,Paddy Pimblett,Max Holloway,+155,37.9,37.5,-1.7,1.4,-3.1,False,0,nan | 2027-01-01,production-v3,5379537e716b636aa10d438ffa2b5d06e557272a7787fdb2641049341fb311f1,the-odds-api-median,2026-07-20T15:56:50Z
30742b2117607ccb136a,2026-07-22T00:08:16Z,2027-01-01T03:00:00Z,exact,2027-01-01,39a4870992606b952cde,Merab Dvalishvili,Petr Yan,+150,38.6,39.0,-1.0,0.6,-1.6,False,0,nan | 2027-01-01,production-v3,5379537e716b636aa10d438ffa2b5d06e557272a7787fdb2641049341fb311f1,the-odds-api-median,2026-07-20T15:56:50Z
1345dc6362b33f0fbb12,2026-07-22T00:08:16Z,2027-01-01T03:00:00Z,exact,2027-01-01,b33a78f3e9278db9a7e3,Nassourdine Imavov,Sean Strickland,-114,50.9,51.5,-1.8,1.3,-3.1,False,0,nan | 2027-01-01,production-v3,5379537e716b636aa10d438ffa2b5d06e557272a7787fdb2641049341fb311f1,the-odds-api-median,2026-07-20T15:56:50Z
5e3dacf0b1101d6ccb47,2026-07-22T00:08:16Z,2027-07-02T02:00:00Z,exact,2027-07-02,7dad58aed4e61a93155d,Islam Makhachev,Kamaru Usman,-330,74.0,76.9,0.1,1.2,-1.1,False,0,nan | 2027-07-02,production-v3,5379537e716b636aa10d438ffa2b5d06e557272a7787fdb2641049341fb311f1,the-odds-api-median,2026-07-20T15:56:50Z
291df84780d9e9c13e2c,2026-07-22T00:08:16Z,2027-07-11T00:00:00Z,exact,2027-07-11,860bcc67850a652c8f63,Paddy Pimblett,Conor McGregor,-150,58.0,60.6,0.6,1.6,-1.0,False,0,nan | 2027-07-11,production-v3,5379537e716b636aa10d438ffa2b5d06e557272a7787fdb2641049341fb311f1,the-odds-api-median,2026-07-20T15:56:50Z
