event_uid,event_name,event_date,snapshot_kind,requested_snapshot,actual_snapshot,event_start_utc,status,matched_fights,quote_rows,response_sha256,response_file,requests_remaining,requests_used,requests_last
a7def4ca7bcf0c56a14a,UFC Fight Night: Kattar vs. Chikadze,2022-01-15,discovery_72h,2022-01-12T00:00:00+00:00,2022-01-11 23:55:00+00:00,2022-01-15T23:15:00+00:00,ok,4,55,7420401bc004ea4b7af91e5d9624a3765f09b059271f210b81663de472667e27,raw\odds_api_historical\responses\a7def4ca7bcf0c56a14a__discovery_72h__2022-01-11T23-55-00Z.json.gz,13600,6400,10
a7def4ca7bcf0c56a14a,UFC Fight Night: Kattar vs. Chikadze,2022-01-15,entry,2022-01-14T23:15:00+00:00,2022-01-14 23:15:00+00:00,2022-01-15T23:15:00+00:00,ok,8,93,ae49e31abf26726a440b2bb528c53107ebc4155b5f2a8f378b1e8b726e193a64,raw\odds_api_historical\responses\a7def4ca7bcf0c56a14a__entry__2022-01-14T23-15-00Z.json.gz,13590,6410,10
a7def4ca7bcf0c56a14a,UFC Fight Night: Kattar vs. Chikadze,2022-01-15,close,2022-01-15T23:00:00+00:00,2022-01-15 22:55:00+00:00,2022-01-15T23:15:00+00:00,ok,7,99,5080479faa7b5b3273d683a7ad73c5d8d065043e5a8aebde77d83094a3ccded7,raw\odds_api_historical\responses\a7def4ca7bcf0c56a14a__close__2022-01-15T22-55-00Z.json.gz,13580,6420,10
753e4ac05cd348ba717b,UFC 270: Ngannou vs. Gane,2022-01-22,discovery_72h,2022-01-19T00:00:00+00:00,2022-01-18 23:55:00+00:00,2022-01-23T03:00:00+00:00,ok,7,105,c2e6560390a881de13a9ff710db619e1fac201aa519a458f09620d09d2888781,raw\odds_api_historical\responses\753e4ac05cd348ba717b__discovery_72h__2022-01-18T23-55-00Z.json.gz,13570,6430,10
753e4ac05cd348ba717b,UFC 270: Ngannou vs. Gane,2022-01-22,entry,2022-01-22T03:00:00+00:00,2022-01-22 02:55:00+00:00,2022-01-23T03:00:00+00:00,ok,11,153,e97efa11d9eee16982ccb27eba28ec186c110d2943bbd7f6ef5c8ad256b252be,raw\odds_api_historical\responses\753e4ac05cd348ba717b__entry__2022-01-22T02-55-00Z.json.gz,13560,6440,10
753e4ac05cd348ba717b,UFC 270: Ngannou vs. Gane,2022-01-22,close,2022-01-23T02:45:00+00:00,2022-01-23 02:45:00+00:00,2022-01-23T03:00:00+00:00,ok,6,84,d5d092b934a571ba756a5a70d8f7d7479d1f60f3adb077545b9e7ea08c70fe43,raw\odds_api_historical\responses\753e4ac05cd348ba717b__close__2022-01-23T02-45-00Z.json.gz,13550,6450,10
d2a3bafc54a1ba79534e,UFC Fight Night: Hermansson vs. Strickland,2022-02-05,discovery_72h,2022-02-02T00:00:00+00:00,2022-02-01 23:55:00+00:00,2022-02-05T23:10:00+00:00,ok,11,146,76680790e08bf9482af2241aa3c8e2ae5c84333fc9b7a229cb67913cf4e29bab,raw\odds_api_historical\responses\d2a3bafc54a1ba79534e__discovery_72h__2022-02-01T23-55-00Z.json.gz,13540,6460,10
d2a3bafc54a1ba79534e,UFC Fight Night: Hermansson vs. Strickland,2022-02-05,entry,2022-02-04T23:10:00+00:00,2022-02-04 23:05:00+00:00,2022-02-05T23:10:00+00:00,ok,12,172,f02ebb580c89fa54aebaa7cd2269eba55a17ef10566218f52ffd512b22a6e475,raw\odds_api_historical\responses\d2a3bafc54a1ba79534e__entry__2022-02-04T23-05-00Z.json.gz,13530,6470,10
d2a3bafc54a1ba79534e,UFC Fight Night: Hermansson vs. Strickland,2022-02-05,close,2022-02-05T22:55:00+00:00,2022-02-05 22:55:00+00:00,2022-02-05T23:10:00+00:00,ok,9,111,7669d536d805d28e0cca34518172395e641fa3a7508a093619ce20a2b38798e5,raw\odds_api_historical\responses\d2a3bafc54a1ba79534e__close__2022-02-05T22-55-00Z.json.gz,13520,6480,10
38182dcbbe74f9e9aea6,UFC 271: Adesanya vs. Whittaker 2,2022-02-12,discovery_72h,2022-02-09T00:00:00+00:00,2022-02-08 23:55:00+00:00,2022-02-12T23:30:00+00:00,ok,9,135,f4c81db843a26330170cbbcf1b8bb119289abd0bdbe02cc70d110b2a6a3bca7e,raw\odds_api_historical\responses\38182dcbbe74f9e9aea6__discovery_72h__2022-02-08T23-55-00Z.json.gz,13510,6490,10
38182dcbbe74f9e9aea6,UFC 271: Adesanya vs. Whittaker 2,2022-02-12,entry,2022-02-11T23:30:00+00:00,2022-02-11 23:25:00+00:00,2022-02-12T23:30:00+00:00,ok,10,149,cb3ffeb97f22f02ea904e019f3eeda5bc020da683a482fdf9e324caa5855449e,raw\odds_api_historical\responses\38182dcbbe74f9e9aea6__entry__2022-02-11T23-25-00Z.json.gz,13500,6500,10
38182dcbbe74f9e9aea6,UFC 271: Adesanya vs. Whittaker 2,2022-02-12,close,2022-02-12T23:15:00+00:00,2022-02-12 23:15:00+00:00,2022-02-12T23:30:00+00:00,ok,10,149,6f1b52b2fdf503da4a2278accce9e551592b2dcee664b23b2ca106d1feb0052d,raw\odds_api_historical\responses\38182dcbbe74f9e9aea6__close__2022-02-12T23-15-00Z.json.gz,13490,6510,10
9b0f001c33f2b0321d8a,UFC Fight Night: Walker vs. Hill,2022-02-19,discovery_72h,2022-02-16T00:00:00+00:00,2022-02-15 23:55:00+00:00,2022-02-19T21:00:00+00:00,ok,9,129,fa7d5bb97091bddfa8fd6daade41792b2ca52d00b47fe265068e07bcb160467b,raw\odds_api_historical\responses\9b0f001c33f2b0321d8a__discovery_72h__2022-02-15T23-55-00Z.json.gz,13480,6520,10
9b0f001c33f2b0321d8a,UFC Fight Night: Walker vs. Hill,2022-02-19,entry,2022-02-18T21:00:00+00:00,2022-02-18 20:55:00+00:00,2022-02-19T21:00:00+00:00,ok,11,158,e607a68148e5745e03aa3c1ce27f613f22a7a8ec54c2defac0adb8a551905799,raw\odds_api_historical\responses\9b0f001c33f2b0321d8a__entry__2022-02-18T20-55-00Z.json.gz,13470,6530,10
9b0f001c33f2b0321d8a,UFC Fight Night: Walker vs. Hill,2022-02-19,close,2022-02-19T20:45:00+00:00,2022-02-19 20:45:00+00:00,2022-02-19T21:00:00+00:00,ok,11,158,7490cfc4bc06c341c6964aa2ee344fc8428e341fdf3daae8115d1d1cd72fd5c3,raw\odds_api_historical\responses\9b0f001c33f2b0321d8a__close__2022-02-19T20-45-00Z.json.gz,13460,6540,10
0fb17504424be4d98761,UFC Fight Night: Makhachev vs. Green,2022-02-26,discovery_72h,2022-02-23T00:00:00+00:00,2022-02-22 23:55:00+00:00,2022-02-26T21:10:00+00:00,ok,8,109,b7adb1d78d55d67e8b137f70f8d0aac7718f6badc2a7de330059d72e8650ad34,raw\odds_api_historical\responses\0fb17504424be4d98761__discovery_72h__2022-02-22T23-55-00Z.json.gz,13450,6550,10
0fb17504424be4d98761,UFC Fight Night: Makhachev vs. Green,2022-02-26,entry,2022-02-25T21:10:00+00:00,2022-02-25 21:05:00+00:00,2022-02-26T21:10:00+00:00,ok,8,119,686ead72367ef60d6a1a2e79d346bb434fd81bf8b033047fdf87969a20320ced,raw\odds_api_historical\responses\0fb17504424be4d98761__entry__2022-02-25T21-05-00Z.json.gz,13440,6560,10
0fb17504424be4d98761,UFC Fight Night: Makhachev vs. Green,2022-02-26,close,2022-02-26T20:55:00+00:00,2022-02-26 20:55:00+00:00,2022-02-26T21:10:00+00:00,ok,8,119,89d9cfbf343327f842d4d5e589136fa3b4eb804b899458e7e045ba46d70232aa,raw\odds_api_historical\responses\0fb17504424be4d98761__close__2022-02-26T20-55-00Z.json.gz,13430,6570,10
0e2aec3587b6c88b81ce,UFC 272: Covington vs. Masvidal,2022-03-05,discovery_72h,2022-03-02T00:00:00+00:00,2022-03-01 23:55:00+00:00,2022-03-05T23:00:00+00:00,ok,11,152,b98eb4b148caf583fb748be24c88873c8bddccf82896331d64dba55adc9c917e,raw\odds_api_historical\responses\0e2aec3587b6c88b81ce__discovery_72h__2022-03-01T23-55-00Z.json.gz,13420,6580,10
0e2aec3587b6c88b81ce,UFC 272: Covington vs. Masvidal,2022-03-05,entry,2022-03-04T23:00:00+00:00,2022-03-04 22:55:00+00:00,2022-03-05T23:00:00+00:00,ok,11,145,7eebde4983683381c13435471624167cbcf960dd7d0cfb2f73bc7c6075fcce9e,raw\odds_api_historical\responses\0e2aec3587b6c88b81ce__entry__2022-03-04T22-55-00Z.json.gz,13410,6590,10
0e2aec3587b6c88b81ce,UFC 272: Covington vs. Masvidal,2022-03-05,close,2022-03-05T22:45:00+00:00,2022-03-05 22:45:00+00:00,2022-03-05T23:00:00+00:00,ok,11,135,fd6af7385c713d7bc1478ebd187e03328b235d4fd950a1eb061afbf3733988a5,raw\odds_api_historical\responses\0e2aec3587b6c88b81ce__close__2022-03-05T22-45-00Z.json.gz,13400,6600,10
c2819424837ee1449443,UFC Fight Night: Santos vs. Ankalaev,2022-03-12,discovery_72h,2022-03-09T00:00:00+00:00,2022-03-08 23:55:00+00:00,2022-03-12T21:00:00+00:00,ok,13,193,256480a74e7a4d20c9dfeffe922c7b149c710a1cda804d18458e69be394c0b1b,raw\odds_api_historical\responses\c2819424837ee1449443__discovery_72h__2022-03-08T23-55-00Z.json.gz,13390,6610,10
c2819424837ee1449443,UFC Fight Night: Santos vs. Ankalaev,2022-03-12,entry,2022-03-11T21:00:00+00:00,2022-03-11 20:55:00+00:00,2022-03-12T21:00:00+00:00,ok,13,181,3aa521226bf56fe3179edcf1d1fdeddf4ba6ec5bcc35d615a4ea6e75fd7e6a45,raw\odds_api_historical\responses\c2819424837ee1449443__entry__2022-03-11T20-55-00Z.json.gz,13380,6620,10
c2819424837ee1449443,UFC Fight Night: Santos vs. Ankalaev,2022-03-12,close,2022-03-12T20:45:00+00:00,2022-03-12 20:45:00+00:00,2022-03-12T21:00:00+00:00,ok,13,193,8da0766ec64c77183de05271a78aa391934e212b030a4e56723af2b788c395f9,raw\odds_api_historical\responses\c2819424837ee1449443__close__2022-03-12T20-45-00Z.json.gz,13370,6630,10
3fbdbf653a7c1be464f5,UFC Fight Night: Volkov vs. Aspinall,2022-03-19,discovery_72h,2022-03-16T00:00:00+00:00,2022-03-15 23:55:00+00:00,2022-03-19T17:15:00+00:00,ok,9,110,cbc889f87827383cc5d93e7f9ad40bd2f382dd4eb8b25a108064fde122fb7eee,raw\odds_api_historical\responses\3fbdbf653a7c1be464f5__discovery_72h__2022-03-15T23-55-00Z.json.gz,13360,6640,10
3fbdbf653a7c1be464f5,UFC Fight Night: Volkov vs. Aspinall,2022-03-19,discovery_72h,2022-03-16T00:00:00+00:00,2022-03-15 23:55:00+00:00,2022-03-19T17:15:00+00:00,ok,9,110,cbc889f87827383cc5d93e7f9ad40bd2f382dd4eb8b25a108064fde122fb7eee,raw\odds_api_historical\responses\3fbdbf653a7c1be464f5__discovery_72h__2022-03-15T23-55-00Z.json.gz,13350,6650,10
3fbdbf653a7c1be464f5,UFC Fight Night: Volkov vs. Aspinall,2022-03-19,entry,2022-03-18T17:15:00+00:00,2022-03-18 17:15:00+00:00,2022-03-19T17:15:00+00:00,ok,9,134,f57c9c5de32470d7c2d336067f581cebd4869f505aad64443ce798aab425e60f,raw\odds_api_historical\responses\3fbdbf653a7c1be464f5__entry__2022-03-18T17-15-00Z.json.gz,13340,6660,10
3fbdbf653a7c1be464f5,UFC Fight Night: Volkov vs. Aspinall,2022-03-19,close,2022-03-19T17:00:00+00:00,2022-03-19 16:55:00+00:00,2022-03-19T17:15:00+00:00,ok,9,133,06a7623899184044332565cddb2b92ac297e39a8fd572c46c0dc38754aaf59f7,raw\odds_api_historical\responses\3fbdbf653a7c1be464f5__close__2022-03-19T16-55-00Z.json.gz,13330,6670,10
149fa40a4b2421939a12,UFC Fight Night: Blaydes vs. Daukaus,2022-03-26,discovery_72h,2022-03-23T00:00:00+00:00,2022-03-22 23:55:00+00:00,2022-03-26T20:00:00+00:00,ok,12,176,ebe7c5e6de9158237566e6a463932f84d431e78b9713ff31c0ec17ca32f6e8e7,raw\odds_api_historical\responses\149fa40a4b2421939a12__discovery_72h__2022-03-22T23-55-00Z.json.gz,13320,6680,10
149fa40a4b2421939a12,UFC Fight Night: Blaydes vs. Daukaus,2022-03-26,entry,2022-03-25T20:00:00+00:00,2022-03-25 19:55:00+00:00,2022-03-26T20:00:00+00:00,ok,12,175,8408a7a3bbf21a723dd1b53d150c856c57e10d39aff7be4bfd1ebfdcd45f624c,raw\odds_api_historical\responses\149fa40a4b2421939a12__entry__2022-03-25T19-55-00Z.json.gz,13310,6690,10
149fa40a4b2421939a12,UFC Fight Night: Blaydes vs. Daukaus,2022-03-26,close,2022-03-26T19:45:00+00:00,2022-03-26 19:45:00+00:00,2022-03-26T20:00:00+00:00,ok,12,177,23d913568f02cebc40201e44ce108f6aa2e73b472bf17a4a85cd41a814262f15,raw\odds_api_historical\responses\149fa40a4b2421939a12__close__2022-03-26T19-45-00Z.json.gz,13300,6700,10
f665c69ac8533b7b5a23,UFC 273: Volkanovski vs. The Korean Zombie,2022-04-09,discovery_72h,2022-04-06T00:00:00+00:00,2022-04-05 23:55:00+00:00,2022-04-09T22:00:00+00:00,ok,8,101,2b9c5433d961867fc8ae3eb89fc9cdc0e7085f57bc10665da52d77b3a8d9cb58,raw\odds_api_historical\responses\f665c69ac8533b7b5a23__discovery_72h__2022-04-05T23-55-00Z.json.gz,13290,6710,10
f665c69ac8533b7b5a23,UFC 273: Volkanovski vs. The Korean Zombie,2022-04-09,entry,2022-04-08T22:00:00+00:00,2022-04-08 21:55:00+00:00,2022-04-09T22:00:00+00:00,ok,8,109,19396a6513d9f8893438aa0e40e37d9df375217fa6d2f3a44c36c1e0dded3184,raw\odds_api_historical\responses\f665c69ac8533b7b5a23__entry__2022-04-08T21-55-00Z.json.gz,13280,6720,10
f665c69ac8533b7b5a23,UFC 273: Volkanovski vs. The Korean Zombie,2022-04-09,close,2022-04-09T21:45:00+00:00,2022-04-09 21:45:00+00:00,2022-04-09T22:00:00+00:00,ok,8,109,8b0d37d6246eaecae765ba2c47c915bcfc6c7f8cafc336a53ddef94a67994dec,raw\odds_api_historical\responses\f665c69ac8533b7b5a23__close__2022-04-09T21-45-00Z.json.gz,13270,6730,10
f338f341c06060897100,UFC Fight Night: Luque vs. Muhammad,2022-04-16,discovery_72h,2022-04-13T00:00:00+00:00,2022-04-12 23:55:00+00:00,2022-04-16T19:00:00+00:00,ok,11,160,01f463767f3a5b916c7c1189a205a22a6f6b47e7ebd94eaa01c8c7fa5e91502b,raw\odds_api_historical\responses\f338f341c06060897100__discovery_72h__2022-04-12T23-55-00Z.json.gz,13260,6740,10
f338f341c06060897100,UFC Fight Night: Luque vs. Muhammad,2022-04-16,entry,2022-04-15T19:00:00+00:00,2022-04-15 18:55:00+00:00,2022-04-16T19:00:00+00:00,ok,12,172,d5db3195bc7179471397191b541a4f4afd94320cc7a7d2fbb13f4cc2210c59dc,raw\odds_api_historical\responses\f338f341c06060897100__entry__2022-04-15T18-55-00Z.json.gz,13250,6750,10
f338f341c06060897100,UFC Fight Night: Luque vs. Muhammad,2022-04-16,close,2022-04-16T18:45:00+00:00,2022-04-16 18:45:00+00:00,2022-04-16T19:00:00+00:00,ok,12,174,a669f39c7d0ec6dc0dd6608f64c5d7c66c960605b88ac0e12a65f4639e46160d,raw\odds_api_historical\responses\f338f341c06060897100__close__2022-04-16T18-45-00Z.json.gz,13240,6760,10
134f393b3f225d97e194,UFC Fight Night: Lemos vs. Andrade,2022-04-23,discovery_72h,2022-04-20T00:00:00+00:00,2022-04-19 23:55:00+00:00,2022-04-23T22:00:00+00:00,ok,8,100,bbc23b423e438be777f7c381dea4cf1916d62c1cea2b602749aeec72dcba5461,raw\odds_api_historical\responses\134f393b3f225d97e194__discovery_72h__2022-04-19T23-55-00Z.json.gz,13230,6770,10
134f393b3f225d97e194,UFC Fight Night: Lemos vs. Andrade,2022-04-23,entry,2022-04-22T22:00:00+00:00,2022-04-22 21:55:00+00:00,2022-04-23T22:00:00+00:00,ok,8,118,9e0c070c3e6749abe4873b6e6c5aa30d35be9b3f144825bf83e976fce15ce2b9,raw\odds_api_historical\responses\134f393b3f225d97e194__entry__2022-04-22T21-55-00Z.json.gz,13220,6780,10
134f393b3f225d97e194,UFC Fight Night: Lemos vs. Andrade,2022-04-23,close,2022-04-23T21:45:00+00:00,2022-04-23 21:45:00+00:00,2022-04-23T22:00:00+00:00,ok,9,132,61287657d7710bba346f1b3e6c1e07f142788ffdcabf582cdacce207d6a34159,raw\odds_api_historical\responses\134f393b3f225d97e194__close__2022-04-23T21-45-00Z.json.gz,13210,6790,10
fb7ba04fee5ce6255722,UFC Fight Night: Font vs. Vera,2022-04-30,discovery_72h,2022-04-27T00:00:00+00:00,2022-04-26 23:55:00+00:00,2022-04-30T20:00:00+00:00,ok,8,119,9267ef4fc31280a378b735fed6e14fc7ba31eb66ee39836bd75e44c5d8bc0a03,raw\odds_api_historical\responses\fb7ba04fee5ce6255722__discovery_72h__2022-04-26T23-55-00Z.json.gz,13200,6800,10
fb7ba04fee5ce6255722,UFC Fight Night: Font vs. Vera,2022-04-30,entry,2022-04-29T20:00:00+00:00,2022-04-29 19:55:00+00:00,2022-04-30T20:00:00+00:00,ok,8,120,2ed0d5efe9c55ac9c645b001be39de84af2e6f729a94aa1a6e153841d7aacaad,raw\odds_api_historical\responses\fb7ba04fee5ce6255722__entry__2022-04-29T19-55-00Z.json.gz,13190,6810,10
fb7ba04fee5ce6255722,UFC Fight Night: Font vs. Vera,2022-04-30,close,2022-04-30T19:45:00+00:00,2022-04-30 19:45:00+00:00,2022-04-30T20:00:00+00:00,ok,8,120,493a5975548fe73630abddd5c8495713f430f75a3b9fc512c9e02c2367e5a553,raw\odds_api_historical\responses\fb7ba04fee5ce6255722__close__2022-04-30T19-45-00Z.json.gz,13180,6820,10
c64e63600130a0d3dfb5,UFC 274: Oliveira vs. Gaethje,2022-05-07,discovery_72h,2022-05-04T00:00:00+00:00,2022-05-03 23:55:00+00:00,2022-05-07T22:05:00+00:00,ok,12,161,8413328b7d0cf8f662076e0bf645a4ca365541f38ca9b40a8ec6b84f2c717fc8,raw\odds_api_historical\responses\c64e63600130a0d3dfb5__discovery_72h__2022-05-03T23-55-00Z.json.gz,13170,6830,10
c64e63600130a0d3dfb5,UFC 274: Oliveira vs. Gaethje,2022-05-07,entry,2022-05-06T22:05:00+00:00,2022-05-06 22:05:00+00:00,2022-05-07T22:05:00+00:00,ok,12,175,5b1817b60499ce60f9ddae0f953a2b659643d9213d17a320940eb14e3186cd97,raw\odds_api_historical\responses\c64e63600130a0d3dfb5__entry__2022-05-06T22-05-00Z.json.gz,13160,6840,10
c64e63600130a0d3dfb5,UFC 274: Oliveira vs. Gaethje,2022-05-07,close,2022-05-07T21:50:00+00:00,2022-05-07 21:45:00+00:00,2022-05-07T22:05:00+00:00,ok,12,174,696059a598ca17f6133933e42729c71d263413caec39aec82c48a88dc04731d2,raw\odds_api_historical\responses\c64e63600130a0d3dfb5__close__2022-05-07T21-45-00Z.json.gz,13150,6850,10
dbe2b66a1cb8c47ff602,UFC Fight Night: Blachowicz vs. Rakic,2022-05-14,discovery_72h,2022-05-11T00:00:00+00:00,2022-05-10 23:55:00+00:00,2022-05-14T23:30:00+00:00,ok,9,135,ecdbc257a7e6558f584668ab7f45f721b730d0156ffb41e36684fc95eca7ada5,raw\odds_api_historical\responses\dbe2b66a1cb8c47ff602__discovery_72h__2022-05-10T23-55-00Z.json.gz,13140,6860,10
dbe2b66a1cb8c47ff602,UFC Fight Night: Blachowicz vs. Rakic,2022-05-14,entry,2022-05-13T23:30:00+00:00,2022-05-13 23:25:00+00:00,2022-05-14T23:30:00+00:00,ok,9,132,c3053aa78dbd532af8b6e7403678f36b4102049aadb79ecd665ebe8f60b38fd7,raw\odds_api_historical\responses\dbe2b66a1cb8c47ff602__entry__2022-05-13T23-25-00Z.json.gz,13130,6870,10
dbe2b66a1cb8c47ff602,UFC Fight Night: Blachowicz vs. Rakic,2022-05-14,close,2022-05-14T23:15:00+00:00,2022-05-14 23:15:00+00:00,2022-05-14T23:30:00+00:00,ok,9,134,36872d3f8e99e9a60792776eea39ba4ffe15574c5de466a81014576fa9338f55,raw\odds_api_historical\responses\dbe2b66a1cb8c47ff602__close__2022-05-14T23-15-00Z.json.gz,13120,6880,10
b6ff3e2fccb215bcd48d,UFC Fight Night: Holm vs. Vieira,2022-05-21,discovery_72h,2022-05-18T00:00:00+00:00,2022-05-17 23:55:00+00:00,2022-05-21T20:15:00+00:00,ok,10,148,b8fcfb43b0445432aedb2b4434fcdc0678ac0ca44958b62e110377ee55e970b0,raw\odds_api_historical\responses\b6ff3e2fccb215bcd48d__discovery_72h__2022-05-17T23-55-00Z.json.gz,13110,6890,10
b6ff3e2fccb215bcd48d,UFC Fight Night: Holm vs. Vieira,2022-05-21,entry,2022-05-20T20:15:00+00:00,2022-05-20 20:15:00+00:00,2022-05-21T20:15:00+00:00,ok,10,149,50deaed090944ade069e990755865c431bbcf1fd899201365ba80fc4e5f33cf4,raw\odds_api_historical\responses\b6ff3e2fccb215bcd48d__entry__2022-05-20T20-15-00Z.json.gz,13100,6900,10
b6ff3e2fccb215bcd48d,UFC Fight Night: Holm vs. Vieira,2022-05-21,close,2022-05-21T20:00:00+00:00,2022-05-21 19:55:00+00:00,2022-05-21T20:15:00+00:00,ok,10,149,daa1e7f799e9ad3f38262416da54af139cc19a524792b9b6356e58c644f830b3,raw\odds_api_historical\responses\b6ff3e2fccb215bcd48d__close__2022-05-21T19-55-00Z.json.gz,13090,6910,10
0ce90605186bca400f2b,UFC Fight Night: Volkov vs. Rozenstruik,2022-06-04,discovery_72h,2022-06-01T00:00:00+00:00,2022-05-31 23:55:00+00:00,2022-06-04T17:10:00+00:00,ok,12,163,e21ee0b944dafb109b57f902a4f42e6bdc893ff5dee85dcbb2e2870fcc350420,raw\odds_api_historical\responses\0ce90605186bca400f2b__discovery_72h__2022-05-31T23-55-00Z.json.gz,13080,6920,10
0ce90605186bca400f2b,UFC Fight Night: Volkov vs. Rozenstruik,2022-06-04,entry,2022-06-03T17:10:00+00:00,2022-06-03 17:05:00+00:00,2022-06-04T17:10:00+00:00,ok,12,166,c2825955a16018dabdaa28d72e317a0f1c7bed49e45bcabd02278c27d2eed2ff,raw\odds_api_historical\responses\0ce90605186bca400f2b__entry__2022-06-03T17-05-00Z.json.gz,13070,6930,10
0ce90605186bca400f2b,UFC Fight Night: Volkov vs. Rozenstruik,2022-06-04,close,2022-06-04T16:55:00+00:00,2022-06-04 16:55:00+00:00,2022-06-04T17:10:00+00:00,ok,12,167,8ff42cb8e688d2f985f2d3a3b68034d1ba29d91f2e0a2a890003d79579d3a65d,raw\odds_api_historical\responses\0ce90605186bca400f2b__close__2022-06-04T16-55-00Z.json.gz,13060,6940,10
45718e2599c475c91b2a,UFC 275: Teixeira vs. Prochazka,2022-06-11,discovery_72h,2022-06-08T00:00:00+00:00,2022-06-07 23:55:00+00:00,2022-06-11T22:40:00+00:00,ok,8,119,c2fcf5f33ea665aeefa5a78818cdd6104cbf1caef3d23e1455b6fdab987ff2ed,raw\odds_api_historical\responses\45718e2599c475c91b2a__discovery_72h__2022-06-07T23-55-00Z.json.gz,13050,6950,10
45718e2599c475c91b2a,UFC 275: Teixeira vs. Prochazka,2022-06-11,entry,2022-06-10T22:40:00+00:00,2022-06-10 22:35:00+00:00,2022-06-11T22:40:00+00:00,ok,8,119,c51b6da2fb4d3c55750e292451a2314d8601e777e71cfdefa59c735341ba1842,raw\odds_api_historical\responses\45718e2599c475c91b2a__entry__2022-06-10T22-35-00Z.json.gz,13040,6960,10
45718e2599c475c91b2a,UFC 275: Teixeira vs. Prochazka,2022-06-11,close,2022-06-11T22:25:00+00:00,2022-06-11 22:25:00+00:00,2022-06-11T22:40:00+00:00,ok,8,119,47018c217f948965bc395a0e756c1b24712274be8edd4e2ef6f99524ae9146e6,raw\odds_api_historical\responses\45718e2599c475c91b2a__close__2022-06-11T22-25-00Z.json.gz,13030,6970,10
df931e890fcd9e138ba6,UFC Fight Night: Kattar vs. Emmett,2022-06-18,discovery_72h,2022-06-15T00:00:00+00:00,2022-06-14 23:55:00+00:00,2022-06-18T20:00:00+00:00,ok,13,187,2b946f6486acfe4f13d0610dd5f01679073616ce8322e362e25a48f87b457e34,raw\odds_api_historical\responses\df931e890fcd9e138ba6__discovery_72h__2022-06-14T23-55-00Z.json.gz,13020,6980,10
df931e890fcd9e138ba6,UFC Fight Night: Kattar vs. Emmett,2022-06-18,entry,2022-06-17T20:00:00+00:00,2022-06-17 19:55:00+00:00,2022-06-18T20:00:00+00:00,ok,13,187,d3c1c7f2f083e4619c4a3d126ec72d33eb229cb90685bf1f0e34f0833ddea174,raw\odds_api_historical\responses\df931e890fcd9e138ba6__entry__2022-06-17T19-55-00Z.json.gz,13010,6990,10
df931e890fcd9e138ba6,UFC Fight Night: Kattar vs. Emmett,2022-06-18,close,2022-06-18T19:45:00+00:00,2022-06-18 19:45:00+00:00,2022-06-18T20:00:00+00:00,ok,13,188,8d9726703f18bad009689c0db6fcb1c025247db50c32e4b17681d73b84a4df61,raw\odds_api_historical\responses\df931e890fcd9e138ba6__close__2022-06-18T19-45-00Z.json.gz,13000,7000,10
f790475e51fa5d91254f,UFC Fight Night: Tsarukyan vs. Gamrot,2022-06-25,discovery_72h,2022-06-22T00:00:00+00:00,2022-06-21 23:55:00+00:00,2022-06-25T22:00:00+00:00,ok,11,122,031b3a24950fa88c46c80ac15f95afc985b27b41f313e9fbf1c9cbe1e8a2e009,raw\odds_api_historical\responses\f790475e51fa5d91254f__discovery_72h__2022-06-21T23-55-00Z.json.gz,12990,7010,10
f790475e51fa5d91254f,UFC Fight Night: Tsarukyan vs. Gamrot,2022-06-25,entry,2022-06-24T22:00:00+00:00,2022-06-24 21:55:00+00:00,2022-06-25T22:00:00+00:00,ok,11,147,8b81e7db3afa8d71aecea61f66a0be284079281b6e5c52c95cf5807bbbde9928,raw\odds_api_historical\responses\f790475e51fa5d91254f__entry__2022-06-24T21-55-00Z.json.gz,12980,7020,10
f790475e51fa5d91254f,UFC Fight Night: Tsarukyan vs. Gamrot,2022-06-25,close,2022-06-25T21:45:00+00:00,2022-06-25 21:45:00+00:00,2022-06-25T22:00:00+00:00,ok,11,150,05ae68570e9b044bf3ae211eb03d29d98241876c13f6a2990604487ed87682cb,raw\odds_api_historical\responses\f790475e51fa5d91254f__close__2022-06-25T21-45-00Z.json.gz,12970,7030,10
6276536ed4a2c0ae11f3,UFC 276: Adesanya vs. Cannonier,2022-07-02,discovery_72h,2022-06-29T00:00:00+00:00,2022-06-28 23:55:00+00:00,2022-07-02T22:35:00+00:00,ok,8,111,45983440bfd8eddca35678b9273586d368f415c573784c8460ccd42ac5a2af6c,raw\odds_api_historical\responses\6276536ed4a2c0ae11f3__discovery_72h__2022-06-28T23-55-00Z.json.gz,12960,7040,10
6276536ed4a2c0ae11f3,UFC 276: Adesanya vs. Cannonier,2022-07-02,entry,2022-07-01T22:35:00+00:00,2022-07-01 22:35:00+00:00,2022-07-02T22:35:00+00:00,ok,8,118,61600cf2d698ba7c2bbfa0ca52339ce84ddf9c35fdce19a5a037ad43fd6751a7,raw\odds_api_historical\responses\6276536ed4a2c0ae11f3__entry__2022-07-01T22-35-00Z.json.gz,12950,7050,10
6276536ed4a2c0ae11f3,UFC 276: Adesanya vs. Cannonier,2022-07-02,close,2022-07-02T22:20:00+00:00,2022-07-02 22:15:00+00:00,2022-07-02T22:35:00+00:00,ok,8,120,1a50467c7be4ecaec24cca2bb24c05a35399a38a09e1dc718f43d73b0ef2e618,raw\odds_api_historical\responses\6276536ed4a2c0ae11f3__close__2022-07-02T22-15-00Z.json.gz,12940,7060,10
ce6eb64356c3a6b671f3,UFC Fight Night: Dos Anjos vs. Fiziev,2022-07-09,discovery_72h,2022-07-06T00:00:00+00:00,2022-07-05 23:55:00+00:00,2022-07-09T22:10:00+00:00,ok,10,148,1288af8a7bd33f32845ce78d65e7a464ffafb30f78b99c606762731825fe6a6c,raw\odds_api_historical\responses\ce6eb64356c3a6b671f3__discovery_72h__2022-07-05T23-55-00Z.json.gz,12930,7070,10
ce6eb64356c3a6b671f3,UFC Fight Night: Dos Anjos vs. Fiziev,2022-07-09,entry,2022-07-08T22:10:00+00:00,2022-07-08 22:05:00+00:00,2022-07-09T22:10:00+00:00,ok,11,164,3f5e4588fd864d31770be2d071dfa728f27ab0f8d76a4ab6cb1ef91710277ed2,raw\odds_api_historical\responses\ce6eb64356c3a6b671f3__entry__2022-07-08T22-05-00Z.json.gz,12920,7080,10
ce6eb64356c3a6b671f3,UFC Fight Night: Dos Anjos vs. Fiziev,2022-07-09,close,2022-07-09T21:55:00+00:00,2022-07-09 21:55:00+00:00,2022-07-09T22:10:00+00:00,ok,11,163,12df12c06a353ffa7dd291fa85a015ccec4e6247cf7f38e7cb5e4f710497dff6,raw\odds_api_historical\responses\ce6eb64356c3a6b671f3__close__2022-07-09T21-55-00Z.json.gz,12910,7090,10
72b3e7510e637375eb2a,UFC Fight Night: Ortega vs. Rodriguez,2022-07-16,discovery_72h,2022-07-13T00:00:00+00:00,2022-07-12 23:55:00+00:00,2022-07-16T15:00:00+00:00,ok,9,121,06ca8a3a6adb9861a0e7880de12045b1f38e97c78615959e2fe23739ecb9b9d8,raw\odds_api_historical\responses\72b3e7510e637375eb2a__discovery_72h__2022-07-12T23-55-00Z.json.gz,12900,7100,10
72b3e7510e637375eb2a,UFC Fight Night: Ortega vs. Rodriguez,2022-07-16,entry,2022-07-15T15:00:00+00:00,2022-07-15 14:55:00+00:00,2022-07-16T15:00:00+00:00,ok,9,134,182890980c7100c917b9bdad495827124877592fa4658e6f841caf7a619df9b4,raw\odds_api_historical\responses\72b3e7510e637375eb2a__entry__2022-07-15T14-55-00Z.json.gz,12890,7110,10
72b3e7510e637375eb2a,UFC Fight Night: Ortega vs. Rodriguez,2022-07-16,close,2022-07-16T14:45:00+00:00,2022-07-16 14:45:00+00:00,2022-07-16T15:00:00+00:00,ok,9,134,6a3dbcd4b3428f66d7eac4b426406f0d01eb938899459a92c8f210a00ae11bf7,raw\odds_api_historical\responses\72b3e7510e637375eb2a__close__2022-07-16T14-45-00Z.json.gz,12880,7120,10
7d50e0f803f5151ee7e4,UFC Fight Night: Blaydes vs. Aspinall,2022-07-23,discovery_72h,2022-07-20T00:00:00+00:00,2022-07-19 23:55:00+00:00,2022-07-23T19:00:00+00:00,ok,13,191,f071ea817af7acd0dc0cdd9965297bb7eb7f9cb2105fd1b77fcbdf189a9a1fe0,raw\odds_api_historical\responses\7d50e0f803f5151ee7e4__discovery_72h__2022-07-19T23-55-00Z.json.gz,12870,7130,10
7d50e0f803f5151ee7e4,UFC Fight Night: Blaydes vs. Aspinall,2022-07-23,entry,2022-07-22T19:00:00+00:00,2022-07-22 18:55:00+00:00,2022-07-23T19:00:00+00:00,ok,13,205,aacc84a22b7b0e5b424ad1a2adedf0b4822ff79b9e12f52808a8b9d09725cf97,raw\odds_api_historical\responses\7d50e0f803f5151ee7e4__entry__2022-07-22T18-55-00Z.json.gz,12860,7140,10
7d50e0f803f5151ee7e4,UFC Fight Night: Blaydes vs. Aspinall,2022-07-23,close,2022-07-23T18:45:00+00:00,2022-07-23 18:45:00+00:00,2022-07-23T19:00:00+00:00,ok,7,112,24fc8bb0337deebeae039ee45562e017b89eb0202abcc83c3421b5a634379760,raw\odds_api_historical\responses\7d50e0f803f5151ee7e4__close__2022-07-23T18-45-00Z.json.gz,12850,7150,10
4c6eff30554845c88e8e,UFC 277: Pena vs. Nunes 2,2022-07-30,discovery_72h,2022-07-27T00:00:00+00:00,2022-07-26 23:55:00+00:00,2022-07-30T22:45:00+00:00,ok,10,146,3e0212649b5063a2c029847d4ff6ca03084fcfbc30415f8b55828743b00c61a2,raw\odds_api_historical\responses\4c6eff30554845c88e8e__discovery_72h__2022-07-26T23-55-00Z.json.gz,12840,7160,10
4c6eff30554845c88e8e,UFC 277: Pena vs. Nunes 2,2022-07-30,entry,2022-07-29T22:45:00+00:00,2022-07-29 22:45:00+00:00,2022-07-30T22:45:00+00:00,ok,10,138,81ca9920271c449835cd5c85fc44f70c9ca4b959932526084a45330884df775c,raw\odds_api_historical\responses\4c6eff30554845c88e8e__entry__2022-07-29T22-45-00Z.json.gz,12830,7170,10
4c6eff30554845c88e8e,UFC 277: Pena vs. Nunes 2,2022-07-30,close,2022-07-30T22:30:00+00:00,2022-07-30 22:25:00+00:00,2022-07-30T22:45:00+00:00,ok,10,149,097928417affe12bda433c74ccccf814786ea1591c29a58c8fe8b3b65b6eb980,raw\odds_api_historical\responses\4c6eff30554845c88e8e__close__2022-07-30T22-25-00Z.json.gz,12820,7180,10
8f85d57ab6f544a58d50,UFC Fight Night: Santos vs. Hill,2022-08-06,discovery_72h,2022-08-03T00:00:00+00:00,2022-08-02 23:55:00+00:00,2022-08-06T23:10:00+00:00,ok,7,87,2cbc11b32c87e271354620d707aa6818308fefb68a2f8beff60ebd4dab75d718,raw\odds_api_historical\responses\8f85d57ab6f544a58d50__discovery_72h__2022-08-02T23-55-00Z.json.gz,12810,7190,10
8f85d57ab6f544a58d50,UFC Fight Night: Santos vs. Hill,2022-08-06,entry,2022-08-05T23:10:00+00:00,2022-08-05 23:05:00+00:00,2022-08-06T23:10:00+00:00,ok,7,98,087f0fd6f6cf4facc3cf03f74b12112932b14dbcc4d556da4fe06707f99c3004,raw\odds_api_historical\responses\8f85d57ab6f544a58d50__entry__2022-08-05T23-05-00Z.json.gz,12800,7200,10
8f85d57ab6f544a58d50,UFC Fight Night: Santos vs. Hill,2022-08-06,close,2022-08-06T22:55:00+00:00,2022-08-06 22:55:00+00:00,2022-08-06T23:10:00+00:00,ok,7,98,389d8e7ff0b24c66d1786ed78c21aab99e6b79ac2c391556b265603d9432f361,raw\odds_api_historical\responses\8f85d57ab6f544a58d50__close__2022-08-06T22-55-00Z.json.gz,12790,7210,10
283d8ed639fdb8339ca9,UFC Fight Night: Vera vs. Cruz,2022-08-13,discovery_72h,2022-08-10T00:00:00+00:00,2022-08-09 23:55:00+00:00,2022-08-13T20:00:00+00:00,ok,11,149,d58cd55cd3f1c43fc6df989dd823adba84af3346a808b512cee7aa50b7915276,raw\odds_api_historical\responses\283d8ed639fdb8339ca9__discovery_72h__2022-08-09T23-55-00Z.json.gz,12780,7220,10
283d8ed639fdb8339ca9,UFC Fight Night: Vera vs. Cruz,2022-08-13,entry,2022-08-12T20:00:00+00:00,2022-08-12 19:55:00+00:00,2022-08-13T20:00:00+00:00,ok,11,163,ee2960913f9549b2514e083732dd36ee6966a7709cc5c14ae328ac0ebd911efc,raw\odds_api_historical\responses\283d8ed639fdb8339ca9__entry__2022-08-12T19-55-00Z.json.gz,12770,7230,10
283d8ed639fdb8339ca9,UFC Fight Night: Vera vs. Cruz,2022-08-13,close,2022-08-13T19:45:00+00:00,2022-08-13 19:45:00+00:00,2022-08-13T20:00:00+00:00,ok,11,163,80a7df34569ba1b4197a6c9df162672f89e19ebcca0f6ed338b17b25511880d6,raw\odds_api_historical\responses\283d8ed639fdb8339ca9__close__2022-08-13T19-45-00Z.json.gz,12760,7240,10
02f6e0e0f7b2c36c307c,UFC 278: Usman vs. Edwards,2022-08-20,discovery_72h,2022-08-17T00:00:00+00:00,2022-08-16 23:55:00+00:00,2022-08-20T23:05:00+00:00,ok,7,103,47bbff9ff1efc60e0e38e7cc8551717fe5212f99ee32d98d85a7f371a89635f7,raw\odds_api_historical\responses\02f6e0e0f7b2c36c307c__discovery_72h__2022-08-16T23-55-00Z.json.gz,12750,7250,10
02f6e0e0f7b2c36c307c,UFC 278: Usman vs. Edwards,2022-08-20,entry,2022-08-19T23:05:00+00:00,2022-08-19 23:05:00+00:00,2022-08-20T23:05:00+00:00,ok,7,104,75d67490c734c424a0037065da5adfceb0ec47d894abc7b54c119f107f1d542f,raw\odds_api_historical\responses\02f6e0e0f7b2c36c307c__entry__2022-08-19T23-05-00Z.json.gz,12740,7260,10
02f6e0e0f7b2c36c307c,UFC 278: Usman vs. Edwards,2022-08-20,close,2022-08-20T22:50:00+00:00,2022-08-20 22:45:00+00:00,2022-08-20T23:05:00+00:00,ok,7,104,cdf16a5e9e03f6edd8ca45ea023f8db67f1765110fa4273d821587f4bb754f47,raw\odds_api_historical\responses\02f6e0e0f7b2c36c307c__close__2022-08-20T22-45-00Z.json.gz,12730,7270,10
9335f0518636ab9924a5,UFC Fight Night: Gane vs. Tuivasa,2022-09-03,discovery_72h,2022-08-31T00:00:00+00:00,2022-08-30 23:55:00+00:00,2022-09-03T16:00:00+00:00,ok,11,152,eac253e1a33dc663ffa527ae05cc62941d9a4f859a7989ab0c1ee459ef888b3d,raw\odds_api_historical\responses\9335f0518636ab9924a5__discovery_72h__2022-08-30T23-55-00Z.json.gz,12720,7280,10
9335f0518636ab9924a5,UFC Fight Night: Gane vs. Tuivasa,2022-09-03,entry,2022-09-02T16:00:00+00:00,2022-09-02 15:55:00+00:00,2022-09-03T16:00:00+00:00,ok,11,162,bb527acbf3252779d5151f4e6ceb9f77418c27435f032c3d97855631ec034ee3,raw\odds_api_historical\responses\9335f0518636ab9924a5__entry__2022-09-02T15-55-00Z.json.gz,12710,7290,10
9335f0518636ab9924a5,UFC Fight Night: Gane vs. Tuivasa,2022-09-03,close,2022-09-03T15:45:00+00:00,2022-09-03 15:45:00+00:00,2022-09-03T16:00:00+00:00,ok,11,162,209a4d07201ea731af970b5799c13887987977111d26b0c9237b7c494882a6c7,raw\odds_api_historical\responses\9335f0518636ab9924a5__close__2022-09-03T15-45-00Z.json.gz,12700,7300,10
32d92492ccddd241a35c,UFC 279: Diaz vs. Ferguson,2022-09-10,discovery_72h,2022-09-07T00:00:00+00:00,2022-09-06 23:55:00+00:00,2022-09-10T22:00:00+00:00,ok,9,132,42169b662fca9d484866b4931b35e788b706771be7375273b9bc779d7654a071,raw\odds_api_historical\responses\32d92492ccddd241a35c__discovery_72h__2022-09-06T23-55-00Z.json.gz,12690,7310,10
32d92492ccddd241a35c,UFC 279: Diaz vs. Ferguson,2022-09-10,entry,2022-09-09T22:00:00+00:00,2022-09-09 21:55:00+00:00,2022-09-10T22:00:00+00:00,ok,10,142,240c76f562e787804a59a544b9d41dd74adc084a0ef696b1911ad03ce000d89a,raw\odds_api_historical\responses\32d92492ccddd241a35c__entry__2022-09-09T21-55-00Z.json.gz,12680,7320,10
32d92492ccddd241a35c,UFC 279: Diaz vs. Ferguson,2022-09-10,close,2022-09-10T21:45:00+00:00,2022-09-10 21:45:00+00:00,2022-09-10T22:00:00+00:00,ok,12,190,53cac5e86bdd45d9308c6d5f7cbf093f385b4cd0232dcaf1d86a1faab6b78107,raw\odds_api_historical\responses\32d92492ccddd241a35c__close__2022-09-10T21-45-00Z.json.gz,12670,7330,10
cdf5bd074480910102b0,UFC Fight Night: Sandhagen vs. Song,2022-09-17,discovery_72h,2022-09-14T00:00:00+00:00,2022-09-13 23:55:00+00:00,2022-09-17T20:00:00+00:00,ok,12,171,4eb596943af475efa97b0ad59b829272165258454dc3060de4bc5bd617fd63fe,raw\odds_api_historical\responses\cdf5bd074480910102b0__discovery_72h__2022-09-13T23-55-00Z.json.gz,12660,7340,10
cdf5bd074480910102b0,UFC Fight Night: Sandhagen vs. Song,2022-09-17,entry,2022-09-16T20:00:00+00:00,2022-09-16 19:55:00+00:00,2022-09-17T20:00:00+00:00,ok,13,192,f137cef2ffb94f7134c8ea6861cd6350d33d60fc68d54dea003e53477b8e06d3,raw\odds_api_historical\responses\cdf5bd074480910102b0__entry__2022-09-16T19-55-00Z.json.gz,12650,7350,10
cdf5bd074480910102b0,UFC Fight Night: Sandhagen vs. Song,2022-09-17,close,2022-09-17T19:45:00+00:00,2022-09-17 19:45:00+00:00,2022-09-17T20:00:00+00:00,ok,12,192,23ce37696605a9b73521f55abd72d4555fb0323f57678897f87069c7be589e41,raw\odds_api_historical\responses\cdf5bd074480910102b0__close__2022-09-17T19-45-00Z.json.gz,12640,7360,10
9e5d718e389c66176ddd,UFC Fight Night: Dern vs. Yan,2022-10-01,discovery_72h,2022-09-28T00:00:00+00:00,2022-09-27 23:55:39+00:00,2022-10-01T20:00:00+00:00,ok,10,151,9f7f090fd923f12c3076af9acd2fbf18ea8977fe06d2d99c86ad8fe9cea6c923,raw\odds_api_historical\responses\9e5d718e389c66176ddd__discovery_72h__2022-09-27T23-55-39Z.json.gz,12630,7370,10
9e5d718e389c66176ddd,UFC Fight Night: Dern vs. Yan,2022-10-01,entry,2022-09-30T20:00:00+00:00,2022-09-30 19:55:39+00:00,2022-10-01T20:00:00+00:00,ok,11,175,2966e79acf9579b055a89afab179ec1391ede8c1f9d09e1a4a0c52c4d9935af9,raw\odds_api_historical\responses\9e5d718e389c66176ddd__entry__2022-09-30T19-55-39Z.json.gz,12620,7380,10
9e5d718e389c66176ddd,UFC Fight Night: Dern vs. Yan,2022-10-01,close,2022-10-01T19:45:00+00:00,2022-10-01 19:40:38+00:00,2022-10-01T20:00:00+00:00,ok,11,165,fa7d738a1d97483b78813c164165118b61db2aeb08438916f7f7e885510a310d,raw\odds_api_historical\responses\9e5d718e389c66176ddd__close__2022-10-01T19-40-38Z.json.gz,12610,7390,10
b335cdb92393c739f747,UFC Fight Night: Grasso vs. Araujo,2022-10-15,discovery_72h,2022-10-12T00:00:00+00:00,2022-10-11 23:55:39+00:00,2022-10-15T20:00:00+00:00,ok,9,139,2bc6e26f3372975fa390df523e3d2da55f8ac37ec20d5b9818de8c236daa677d,raw\odds_api_historical\responses\b335cdb92393c739f747__discovery_72h__2022-10-11T23-55-39Z.json.gz,12600,7400,10
b335cdb92393c739f747,UFC Fight Night: Grasso vs. Araujo,2022-10-15,entry,2022-10-14T20:00:00+00:00,2022-10-14 19:55:39+00:00,2022-10-15T20:00:00+00:00,ok,10,155,13c7e2324a2b1e9d14b81bce033498c9b165d5657bc8e551921c558b9ae1f1a1,raw\odds_api_historical\responses\b335cdb92393c739f747__entry__2022-10-14T19-55-39Z.json.gz,12590,7410,10
b335cdb92393c739f747,UFC Fight Night: Grasso vs. Araujo,2022-10-15,close,2022-10-15T19:45:00+00:00,2022-10-15 19:40:38+00:00,2022-10-15T20:00:00+00:00,ok,10,146,6990617290e166897b798ab090c94b2c4c16ceac5f83b8d2d787190f8f3f18a6,raw\odds_api_historical\responses\b335cdb92393c739f747__close__2022-10-15T19-40-38Z.json.gz,12580,7420,10
66b0f58a5aa0a80283f7,UFC 280: Oliveira vs. Makhachev,2022-10-22,discovery_72h,2022-10-19T00:00:00+00:00,2022-10-18 23:55:39+00:00,2022-10-22T14:10:00+00:00,ok,11,155,b3308c9d0fba4915359cd0e5601ce6d23f5168c5f474f0b8c4edadb5c44cde3d,raw\odds_api_historical\responses\66b0f58a5aa0a80283f7__discovery_72h__2022-10-18T23-55-39Z.json.gz,12570,7430,10
66b0f58a5aa0a80283f7,UFC 280: Oliveira vs. Makhachev,2022-10-22,entry,2022-10-21T14:10:00+00:00,2022-10-21 14:05:40+00:00,2022-10-22T14:10:00+00:00,ok,11,174,74160019be94a55fd671799ecd5a2181604a39c71d7bf64b1050168e8ab345d5,raw\odds_api_historical\responses\66b0f58a5aa0a80283f7__entry__2022-10-21T14-05-40Z.json.gz,12560,7440,10
66b0f58a5aa0a80283f7,UFC 280: Oliveira vs. Makhachev,2022-10-22,close,2022-10-22T13:55:00+00:00,2022-10-22 13:50:39+00:00,2022-10-22T14:10:00+00:00,ok,11,164,c3c06b280c252d7d268b565915d0795f26133800fe8714aa9d40ba9694409d41,raw\odds_api_historical\responses\66b0f58a5aa0a80283f7__close__2022-10-22T13-50-39Z.json.gz,12550,7450,10
06992d214768880535b5,UFC Fight Night: Kattar vs. Allen,2022-10-29,discovery_72h,2022-10-26T00:00:00+00:00,2022-10-25 23:55:39+00:00,2022-10-29T23:00:00+00:00,ok,6,79,f3721f682648ae42486010745b4ee3bfdf36c491026c858780f41b99266c1441,raw\odds_api_historical\responses\06992d214768880535b5__discovery_72h__2022-10-25T23-55-39Z.json.gz,12540,7460,10
06992d214768880535b5,UFC Fight Night: Kattar vs. Allen,2022-10-29,entry,2022-10-28T23:00:00+00:00,2022-10-28 22:55:39+00:00,2022-10-29T23:00:00+00:00,ok,8,104,37d5daf4b01f5ec9c7cfa35bb0cd9fd4bb10a376ea3e26ef1704e1ed866c9c19,raw\odds_api_historical\responses\06992d214768880535b5__entry__2022-10-28T22-55-39Z.json.gz,12530,7470,10
06992d214768880535b5,UFC Fight Night: Kattar vs. Allen,2022-10-29,close,2022-10-29T22:45:00+00:00,2022-10-29 22:40:38+00:00,2022-10-29T23:00:00+00:00,ok,5,66,a6ad169625c0d1a3ec15884ab3ad88c5dbec33e9ded30f6641a88a7e7e552fbf,raw\odds_api_historical\responses\06992d214768880535b5__close__2022-10-29T22-40-38Z.json.gz,12520,7480,10
e55e9e4abe24fa88c042,UFC Fight Night: Rodriguez vs. Lemos,2022-11-05,discovery_72h,2022-11-02T00:00:00+00:00,2022-11-01 23:55:39+00:00,2022-11-05T20:00:00+00:00,ok,9,117,3aaa0a4484e545857cb761dc303f24fd8fff9916c016b1bf4d64e4ed98fbdffa,raw\odds_api_historical\responses\e55e9e4abe24fa88c042__discovery_72h__2022-11-01T23-55-39Z.json.gz,12510,7490,10
e55e9e4abe24fa88c042,UFC Fight Night: Rodriguez vs. Lemos,2022-11-05,entry,2022-11-04T20:00:00+00:00,2022-11-04 19:55:39+00:00,2022-11-05T20:00:00+00:00,ok,9,116,1bb17c839902222c9b9f5eac3f46c2f84befe523608f2b877daca0dfee04e55c,raw\odds_api_historical\responses\e55e9e4abe24fa88c042__entry__2022-11-04T19-55-39Z.json.gz,12500,7500,10
e55e9e4abe24fa88c042,UFC Fight Night: Rodriguez vs. Lemos,2022-11-05,close,2022-11-05T19:45:00+00:00,2022-11-05 19:40:39+00:00,2022-11-05T20:00:00+00:00,ok,9,125,2efb83094db553bae4b43e5d49fe7534c50dcb8b9cc5f1da6687091e3a342365,raw\odds_api_historical\responses\e55e9e4abe24fa88c042__close__2022-11-05T19-40-39Z.json.gz,12490,7510,10
1e73ae637e9371cac464,UFC 281: Adesanya vs. Pereira,2022-11-12,discovery_72h,2022-11-09T00:00:00+00:00,2022-11-08 23:55:39+00:00,2022-11-12T23:00:00+00:00,ok,11,140,faf9b88999317d03fc5f35cfd12cdee77063f7073fe176b5c36f9493fec0e652,raw\odds_api_historical\responses\1e73ae637e9371cac464__discovery_72h__2022-11-08T23-55-39Z.json.gz,12480,7520,10
1e73ae637e9371cac464,UFC 281: Adesanya vs. Pereira,2022-11-12,entry,2022-11-11T23:00:00+00:00,2022-11-11 22:55:39+00:00,2022-11-12T23:00:00+00:00,ok,11,131,120307523e2135bb6efa54f776ed621d741491ae3ca793656d9366ae1c07ef3c,raw\odds_api_historical\responses\1e73ae637e9371cac464__entry__2022-11-11T22-55-39Z.json.gz,12470,7530,10
1e73ae637e9371cac464,UFC 281: Adesanya vs. Pereira,2022-11-12,close,2022-11-12T22:45:00+00:00,2022-11-12 22:40:38+00:00,2022-11-12T23:00:00+00:00,ok,11,153,7f91dc1ee0638a92d448e61195b1ec45ff63ca880bbe1c2589554cab3839b953,raw\odds_api_historical\responses\1e73ae637e9371cac464__close__2022-11-12T22-40-38Z.json.gz,12460,7540,10
6c214810407dc95ff3ec,UFC Fight Night: Nzechukwu vs. Cutelaba,2022-11-19,discovery_72h,2022-11-16T00:00:00+00:00,2022-11-15 23:55:39+00:00,2022-11-19T18:00:00+00:00,ok,11,144,d7676ffc5d2a78c9000dc5a6a5342b5ad5e6db709ab7b29a002be0dea3e270e3,raw\odds_api_historical\responses\6c214810407dc95ff3ec__discovery_72h__2022-11-15T23-55-39Z.json.gz,12450,7550,10
6c214810407dc95ff3ec,UFC Fight Night: Nzechukwu vs. Cutelaba,2022-11-19,entry,2022-11-18T18:00:00+00:00,2022-11-18 17:55:39+00:00,2022-11-19T18:00:00+00:00,ok,11,151,006b0a2671ddf3f78812751aea8055f3695f449ca98fdffdf9ee3b1c9c32ce52,raw\odds_api_historical\responses\6c214810407dc95ff3ec__entry__2022-11-18T17-55-39Z.json.gz,12440,7560,10
6c214810407dc95ff3ec,UFC Fight Night: Nzechukwu vs. Cutelaba,2022-11-19,close,2022-11-19T17:45:00+00:00,2022-11-19 17:40:38+00:00,2022-11-19T18:00:00+00:00,ok,11,151,0ac3d5fc8f4569daf982177da62c297ab0b7e6484bc0d4ea862e649b487ee8ff,raw\odds_api_historical\responses\6c214810407dc95ff3ec__close__2022-11-19T17-40-38Z.json.gz,12430,7570,10
2f5ebafb9e4a3e0b34c1,UFC Fight Night: Thompson vs. Holland,2022-12-03,discovery_72h,2022-11-30T00:00:00+00:00,2022-11-29 23:55:38+00:00,2022-12-04T00:00:00+00:00,ok,12,148,a126c7c0db0ffb7d52007373f6fd1d3783ab011ae6cdb23a60ebe027c4419066,raw\odds_api_historical\responses\2f5ebafb9e4a3e0b34c1__discovery_72h__2022-11-29T23-55-38Z.json.gz,12420,7580,10
2f5ebafb9e4a3e0b34c1,UFC Fight Night: Thompson vs. Holland,2022-12-03,entry,2022-12-03T00:00:00+00:00,2022-12-02 23:55:38+00:00,2022-12-04T00:00:00+00:00,ok,12,165,699dc2f9db8e6dad5cccc340a32c5e61ba03644e46a50b68b4a4535be1b8e4e5,raw\odds_api_historical\responses\2f5ebafb9e4a3e0b34c1__entry__2022-12-02T23-55-38Z.json.gz,12410,7590,10
2f5ebafb9e4a3e0b34c1,UFC Fight Night: Thompson vs. Holland,2022-12-03,close,2022-12-03T23:45:00+00:00,2022-12-03 23:40:37+00:00,2022-12-04T00:00:00+00:00,ok,12,165,33db698b858651f487eadceaf4bafc971d9c83a3b6e9f20a6743ca0d1b15a673,raw\odds_api_historical\responses\2f5ebafb9e4a3e0b34c1__close__2022-12-03T23-40-37Z.json.gz,12400,7600,10
b33f0bf58479c50e2c70,UFC 282: Blachowicz vs. Ankalaev,2022-12-10,discovery_72h,2022-12-07T00:00:00+00:00,2022-12-06 23:55:39+00:00,2022-12-10T23:00:00+00:00,ok,10,132,10ee63a2d6055db531c6986c15db47af92d00ffd7c2d8c8282ee3eb2d392bf30,raw\odds_api_historical\responses\b33f0bf58479c50e2c70__discovery_72h__2022-12-06T23-55-39Z.json.gz,12390,7610,10
b33f0bf58479c50e2c70,UFC 282: Blachowicz vs. Ankalaev,2022-12-10,entry,2022-12-09T23:00:00+00:00,2022-12-09 22:55:39+00:00,2022-12-10T23:00:00+00:00,ok,11,136,a0fea9fecb1fd247f4c1c08af7f87be923c4d0f9e60b3fa15e6c15c3a053f313,raw\odds_api_historical\responses\b33f0bf58479c50e2c70__entry__2022-12-09T22-55-39Z.json.gz,12380,7620,10
b33f0bf58479c50e2c70,UFC 282: Blachowicz vs. Ankalaev,2022-12-10,close,2022-12-10T22:45:00+00:00,2022-12-10 22:40:39+00:00,2022-12-10T23:00:00+00:00,ok,11,136,bf93b559f1248ca43ce6359d7c2ebf8c8911e69bc5c5f2c6e591db8ec6d3f125,raw\odds_api_historical\responses\b33f0bf58479c50e2c70__close__2022-12-10T22-40-39Z.json.gz,12370,7630,10
28a1253a592151868075,UFC Fight Night: Cannonier vs. Strickland,2022-12-17,discovery_72h,2022-12-14T00:00:00+00:00,2022-12-13 23:55:39+00:00,2022-12-17T21:00:00+00:00,ok,11,126,9d315f89bb2ec8cf91fb9f8e80c8c3d40dbd5841c6d71f5cff8c04fe29a340bc,raw\odds_api_historical\responses\28a1253a592151868075__discovery_72h__2022-12-13T23-55-39Z.json.gz,12360,7640,10
